<html lang="zh-CN">
  <head>
    <meta charset="UTF-8"/>
    <meta content="width=device-width" name="viewport"/>
    <meta content="#222" name="theme-color"/>
    <meta content="Hexo 7.0.0" name="generator"/>
    <link href="/images/apple-touch-icon-von.png" rel="apple-touch-icon" sizes="180x180"/>
    <link href="/images/von-32x32-next.png" rel="icon" sizes="32x32" type="image/png"/>
    <link href="/images/von-16x16-next.png" rel="icon" sizes="16x16" type="image/png"/>
    <link color="#222" href="/images/apple-touch-icon-von.png" rel="mask-icon"/>
    <link href="/css/main.css" rel="stylesheet"/>
    <link crossorigin="anonymous" href="https://cdnjs.cloudflare.com/ajax/libs/font-awesome/6.4.2/css/all.min.css" integrity="sha256-CTSx/A06dm1B063156EVh15m6Y67pAjZZaQc89LLSrU=" rel="stylesheet"/>
    <link crossorigin="anonymous" href="https://cdnjs.cloudflare.com/ajax/libs/animate.css/3.1.1/animate.min.css" integrity="sha256-PR7ttpcvz8qrF57fur/yAx1qXMFJeJFiA6pSzWi0OIE=" rel="stylesheet"/>
    <script class="next-config" data-name="main" type="application/json">{"hostname":"www.tarikvon.cn","root":"/","images":"/images","scheme":"Pisces","darkmode":false,"version":"8.18.2","exturl":false,"sidebar":{"position":"left","display":"post","padding":18,"offset":12},"copycode":{"enable":false,"style":null},"fold":{"enable":false,"height":500},"bookmark":{"enable":false,"color":"#222","save":"auto"},"mediumzoom":false,"lazyload":false,"pangu":false,"comments":{"style":"tabs","active":null,"storage":true,"lazyload":false,"nav":null},"stickytabs":false,"motion":{"enable":true,"async":false,"transition":{"menu_item":"fadeInDown","post_block":"fadeIn","post_header":"fadeInDown","post_body":"fadeInDown","coll_header":"fadeInLeft","sidebar":"fadeInUp"}},"prism":false,"i18n":{"placeholder":"搜索...","empty":"没有找到任何搜索结果：${query}","hits_time":"找到 ${hits} 个搜索结果（用时 ${time} 毫秒）","hits":"找到 ${hits} 个搜索结果"}}</script>
    <script src="/js/config.js"/>
    <meta content="What to Eat Today? 是一个基于兰州大学某轻食外卖群微信点单的开发的小项目（面向个人，功能较为简单）。由于其麻烦（且及其不友好）的点餐流程，和某人经常要花半个小时来想今天该吃什么（最终还忘记点了）的情况，该项目旨在为用户提供便捷、多样化的餐饮选择，解决日常选择困难症（与懒癌）。" name="description"/>
    <meta content="article" property="og:type"/>
    <meta content="😋 What to Eat Today?" property="og:title"/>
    <meta content="http://www.tarikvon.cn/2023/12/14/what2eat/index.html" property="og:url"/>
    <meta content="Von's Blog" property="og:site_name"/>
    <meta content="What to Eat Today? 是一个基于兰州大学某轻食外卖群微信点单的开发的小项目（面向个人，功能较为简单）。由于其麻烦（且及其不友好）的点餐流程，和某人经常要花半个小时来想今天该吃什么（最终还忘记点了）的情况，该项目旨在为用户提供便捷、多样化的餐饮选择，解决日常选择困难症（与懒癌）。" property="og:description"/>
    <meta content="zh_CN" property="og:locale"/>
    <meta content="https://www.tarikvon.cn/images/deployments/20231214172102.png" property="og:image"/>
    <meta content="https://www.tarikvon.cn/images/deployments/20231214171612.png" property="og:image"/>
    <meta content="https://www.tarikvon.cn/images/deployments/20231214172035.png" property="og:image"/>
    <meta content="2023-12-14T09:56:19.000Z" property="article:published_time"/>
    <meta content="2023-12-19T01:12:00.832Z" property="article:modified_time"/>
    <meta content="Tarik Von" property="article:author"/>
    <meta content="Python" property="article:tag"/>
    <meta content="Python3" property="article:tag"/>
    <meta content="github" property="article:tag"/>
    <meta content="software" property="article:tag"/>
    <meta content="tools" property="article:tag"/>
    <meta content="what2eat" property="article:tag"/>
    <meta content="summary" name="twitter:card"/>
    <meta content="https://www.tarikvon.cn/images/deployments/20231214172102.png" name="twitter:image"/>
    <link href="http://www.tarikvon.cn/2023/12/14/what2eat/" rel="canonical"/>
    <script class="next-config" data-name="page" type="application/json">{"sidebar":"","isHome":false,"isPost":true,"lang":"zh-CN","comments":true,"permalink":"http://www.tarikvon.cn/2023/12/14/what2eat/","path":"2023/12/14/what2eat/","title":"😋 What to Eat Today?"}</script>
    <script class="next-config" data-name="calendar" type="application/json">""</script>
    <title>😋 What to Eat Today? | Von's Blog</title>
    <script src="/js/third-party/analytics/baidu-analytics.js"/>
    <script async="" src="https://hm.baidu.com/hm.js?82f83f20674b422f119ed5514b2b3c7d"/>
    <script async="" src="/lib/fireworks.js"/>
    <noscript>
      <link href="/css/noscript.css" rel="stylesheet"/>
    </noscript>
  </head>
  <body class="use-motion" itemscope="" itemtype="http://schema.org/WebPage">
    <div class="headband"/>
    <main class="main">
      <div class="column">
        <header class="header" itemscope="" itemtype="http://schema.org/WPHeader">
          <div class="site-brand-container">
            <div class="site-nav-toggle">
              <div aria-label="切换导航栏" class="toggle" role="button">
                <span class="toggle-line"/>
                <span class="toggle-line"/>
                <span class="toggle-line"/>
              </div>
            </div>
            <div class="site-meta">
              <a class="brand" href="/" rel="start"> <i class="logo-line"/> <p class="site-title">Von's Blog</p> <i class="logo-line"/> </a>
              <p class="site-subtitle" itemprop="description">冯格列斯酒馆绝赞营业中~</p>
            </div>
            <div class="site-nav-right">
              <div class="toggle popup-trigger" aria-label="搜索" role="button"/>
            </div>
          </div>
          <nav class="site-nav">
            <ul class="main-menu menu">
              <li class="menu-item menu-item-home">
                <a href="/" rel="section"><i class="fa fa-home fa-fw"/>首页</a>
              </li>
              <li class="menu-item menu-item-about">
                <a href="/about/" rel="section"><i class="fa fa-user fa-fw"/>关于</a>
              </li>
              <li class="menu-item menu-item-tags">
                <a href="/tags/" rel="section"><i class="fa fa-tags fa-fw"/>标签</a>
              </li>
              <li class="menu-item menu-item-categories">
                <a href="/categories/" rel="section"><i class="fa fa-th fa-fw"/>分类</a>
              </li>
              <li class="menu-item menu-item-archives">
                <a href="/archives/" rel="section"><i class="fa fa-archive fa-fw"/>归档</a>
              </li>
              <li class="menu-item menu-item-schedule">
                <a href="/schedule/" rel="section"><i class="fa fa-calendar fa-fw"/>日程表</a>
              </li>
              <li class="menu-item menu-item-tools">
                <a href="/tools/" rel="section"><i class="fa fa-toolbox fa-fw"/>工具箱</a>
              </li>
            </ul>
          </nav>
        </header>
        <aside class="sidebar">
          <div class="sidebar-inner sidebar-nav-active sidebar-toc-active">
            <ul class="sidebar-nav">
              <li class="sidebar-nav-toc">文章目录</li>
              <li class="sidebar-nav-overview">站点概览</li>
            </ul>
            <div class="sidebar-panel-container">
              <!--noindex-->
              <div class="post-toc-wrap sidebar-panel">
                <div class="post-toc animated">
                  <ol class="nav">
                    <li class="nav-item nav-level-1">
                      <a class="nav-link" href="#%F0%9F%98%8B-v1-3-What-to-Eat-Today"><span class="nav-number">1.</span> <span class="nav-text">😋 [v1.3] What to Eat Today?</span></a>
                      <ol class="nav-child">
                        <li class="nav-item nav-level-2">
                          <a class="nav-link" href="#%F0%9F%93%9D-%E7%AE%80%E4%BB%8B"><span class="nav-number">1.1.</span> <span class="nav-text">📝 简介</span></a>
                        </li>
                        <li class="nav-item nav-level-2">
                          <a class="nav-link" href="#%F0%9F%9B%A0%EF%B8%8F-%E5%8A%9F%E8%83%BD"><span class="nav-number">1.2.</span> <span class="nav-text">🛠️ 功能</span></a>
                        </li>
                        <li class="nav-item nav-level-2">
                          <a class="nav-link" href="#%F0%9F%93%98-%E5%A6%82%E4%BD%95%E4%BD%BF%E7%94%A8%EF%BC%9F"><span class="nav-number">1.3.</span> <span class="nav-text">📘 如何使用？</span></a>
                          <ol class="nav-child">
                            <li class="nav-item nav-level-3">
                              <a class="nav-link" href="#%F0%9F%8C%90-%E7%BD%91%E7%AB%99%E5%9C%A8%E7%BA%BF%E4%BD%BF%E7%94%A8%EF%BC%9A"><span class="nav-number">1.3.1.</span> <span class="nav-text">🌐 网站在线使用：</span></a>
                            </li>
                            <li class="nav-item nav-level-3">
                              <a class="nav-link" href="#%F0%9F%8F%A0-%E6%9C%AC%E5%9C%B0%E4%BD%BF%E7%94%A8%EF%BC%88%E9%9C%80%E8%A6%81%E6%9C%89-Python-%E7%8E%AF%E5%A2%83%EF%BC%89%EF%BC%9A"><span class="nav-number">1.3.2.</span> <span class="nav-text">🏠 本地使用（需要有 Python 环境）：</span></a>
                            </li>
                          </ol>
                        </li>
                        <li class="nav-item nav-level-2">
                          <a class="nav-link" href="#%F0%9F%93%9A-%E6%8A%80%E6%9C%AF%E6%A0%88"><span class="nav-number">1.4.</span> <span class="nav-text">📚 技术栈</span></a>
                        </li>
                        <li class="nav-item nav-level-2">
                          <a class="nav-link" href="#%F0%9F%A4%9D-%E8%B4%A1%E7%8C%AE"><span class="nav-number">1.5.</span> <span class="nav-text">🤝 贡献</span></a>
                        </li>
                        <li class="nav-item nav-level-2">
                          <a class="nav-link" href="#%F0%9F%93%9C-%E8%AE%B8%E5%8F%AF%E8%AF%81"><span class="nav-number">1.6.</span> <span class="nav-text">📜 许可证</span></a>
                        </li>
                      </ol>
                    </li>
                  </ol>
                </div>
              </div>
              <!--/noindex-->
              <div class="site-overview-wrap sidebar-panel">
                <div class="site-author animated" itemprop="author" itemscope="" itemtype="http://schema.org/Person">
                  <img alt="Tarik Von" class="site-author-image" itemprop="image" src="http://q.qlogo.cn/headimg_dl?dst_uin=2758557228&amp;spec=640&amp;img_type=jpg"/>
                  <p class="site-author-name" itemprop="name">Tarik Von</p>
                  <div class="site-description" itemprop="description"/>
                </div>
                <div class="site-state-wrap animated">
                  <nav class="site-state">
                    <div class="site-state-item site-state-posts">
                      <a href="/archives/"> <span class="site-state-item-count">9</span> <span class="site-state-item-name">日志</span> </a>
                    </div>
                    <div class="site-state-item site-state-categories">
                      <a href="/categories/"> <span class="site-state-item-count">5</span> <span class="site-state-item-name">分类</span></a>
                    </div>
                    <div class="site-state-item site-state-tags">
                      <a href="/tags/"> <span class="site-state-item-count">30</span> <span class="site-state-item-name">标签</span></a>
                    </div>
                  </nav>
                </div>
                <div class="links-of-author animated">
                  <span class="links-of-author-item"> <a rel="noopener me" title="GitHub → https://github.com/TarikVon" href="https://github.com/TarikVon" target="_blank"><i class="fab fa-github fa-fw"/>GitHub</a> </span>
                  <span class="links-of-author-item"> <a rel="noopener me" title="Bilibili → https://space.bilibili.com/133633241" href="https://space.bilibili.com/133633241" target="_blank"><i class="fab fa-bilibili fa-fw"/>Bilibili</a> </span>
                  <span class="links-of-author-item"> <a rel="noopener me" title="Twitter → https://twitter.com/Tarik_Von" href="https://twitter.com/Tarik_Von" target="_blank"><i class="fab fa-twitter fa-fw"/>Twitter</a> </span>
                  <span class="links-of-author-item"> <a rel="noopener me" title="YouTube → https://www.youtube.com/@TarikVon" href="https://www.youtube.com/@TarikVon" target="_blank"><i class="fab fa-youtube fa-fw"/>YouTube</a> </span>
                </div>
              </div>
            </div>
            <div>
              <iframe border="0" frameborder="no" height="86" marginheight="0" marginwidth="0" src="https://music.163.com/outchain/player?type=2&amp;id=1398802958&amp;auto=0&amp;height=66" width="330"/>
              <script async="" src="https://rf.revolvermaps.com/0/0/8.js?i=5vuqjbxfa40&amp;m=7&amp;c=ff0000&amp;cr1=ffffff&amp;f=arial&amp;l=33"/>
            </div>
          </div>
        </aside>
      </div>
      <div class="main-inner post posts-expand">
        <div class="post-block">
          <article class="post-content" itemscope="" itemtype="http://schema.org/Article" lang="zh-CN">
            <link href="http://www.tarikvon.cn/2023/12/14/what2eat/" itemprop="mainEntityOfPage"/>
            <span hidden="" itemprop="author" itemscope="" itemtype="http://schema.org/Person"> <meta content="http://q.qlogo.cn/headimg_dl?dst_uin=2758557228&amp;spec=640&amp;img_type=jpg" itemprop="image"/> <meta content="Tarik Von" itemprop="name"/> </span>
            <span hidden="" itemprop="publisher" itemscope="" itemtype="http://schema.org/Organization"> <meta content="Von's Blog" itemprop="name"/> <meta itemprop="description"/> </span>
            <span hidden="" itemprop="post" itemscope="" itemtype="http://schema.org/CreativeWork"> <meta content="😋 What to Eat Today? | Von's Blog" itemprop="name"/> <meta itemprop="description"/> </span>
            <header class="post-header">
              <h1 itemprop="name headline" class="post-title">😋 What to Eat Today?</h1>
              <div class="post-meta-container">
                <div class="post-meta">
                  <span class="post-meta-item"> <span class="post-meta-item-icon"> <i class="far fa-calendar"/> </span> <span class="post-meta-item-text">发表于</span> <time itemprop="dateCreated datePublished" title="创建时间：2023-12-14 17:56:19" datetime="2023-12-14T17:56:19+08:00">2023-12-14</time> </span>
                  <span class="post-meta-item"> <span class="post-meta-item-icon"> <i class="far fa-calendar-check"/> </span> <span class="post-meta-item-text">更新于</span> <time title="修改时间：2023-12-19 09:12:00" datetime="2023-12-19T09:12:00+08:00" itemprop="dateModified">2023-12-19</time> </span>
                  <span class="post-meta-item"> <span class="post-meta-item-icon"> <i class="far fa-folder"/> </span> <span class="post-meta-item-text">分类于</span> <span itemprop="about" itemscope="" itemtype="http://schema.org/Thing"> <a href="/categories/deployments/" itemprop="url" rel="index"><span itemprop="name">deployments</span></a> </span> </span>
                  <span class="post-meta-item" title="本文字数"> <span class="post-meta-item-icon"> <i class="far fa-file-word"/> </span> <span class="post-meta-item-text">本文字数：</span> <span>551</span> </span>
                  <span class="post-meta-item" title="阅读时长"> <span class="post-meta-item-icon"> <i class="far fa-clock"/> </span> <span class="post-meta-item-text">阅读时长 ≈</span> <span>2 分钟</span> </span>
                </div>
              </div>
            </header>
            <div class="post-body" itemprop="articleBody">
              <h1 id="😋-v1-3-What-to-Eat-Today"><a title="😋 [v1.3] What to Eat Today?" class="headerlink" href="#😋-v1-3-What-to-Eat-Today"/>😋 [v1.3] What to Eat Today?</h1>
              <h2 id="📝-简介"><a title="📝 简介" class="headerlink" href="#📝-简介"/>📝 简介</h2>
              <img src="https://www.tarikvon.cn/images/deployments/20231214172102.png" width="50%"/>
              <p>What to Eat Today? 是一个基于兰州大学某轻食外卖群微信点单的开发的小项目（面向个人，功能较为简单）。由于其麻烦 <del>且及其不友好</del> 的点餐流程，和某人经常要花半个小时来想今天该吃什么 <del>最终还忘记点了</del> 的情况，该项目旨在为用户提供便捷、多样化的餐饮选择，解决日常选择困难症 <del>与懒癌</del> 。</p>
              <h2 id="🛠️-功能"><a title="🛠️ 功能" class="headerlink" href="#🛠️-功能"/>🛠️ 功能</h2>
              <p>本项目的主要功能包括：</p>
              <ul>
                <li>一站式挑选菜品：再也不用在公告里面一个一个找啦~</li>
                <li>随机菜单生成：还在因为今天吃什么而烦恼吗？尝尝各种新口味叭~</li>
              </ul>
              <p>💡 一些小技巧：</p>
              <ul>
                <li>
                  <p>为了让用户操作更加便捷 <del>和让懒狗更懒</del> ，我们设置了用户键入回车的时候进行随机选择，你就可以从头回车到底来快速选择。<br/>⚠️ 但要注意最后填写信息的时候如果选择回车，个人信息就要自己填了！</p>
                </li>
                <li><p><code>v1.2</code> 版本新增了对多重选择的支持，你现在可以在一个类中同时选择多项了： <del>长期爽食！！</del></p> <p><img src="https://www.tarikvon.cn/images/deployments/20231214171612.png" width="50%"/><img src="https://www.tarikvon.cn/images/deployments/20231214172035.png" width="50%"/></p> <p>注：<code>0</code> 与 <code>↵</code> 同义，例如图中最后一个 <code>0</code> 代表该菜品随机选择。</p></li>
              </ul>
              <h2 id="📘-如何使用？"><a title="📘 如何使用？" class="headerlink" href="#📘-如何使用？"/>📘 如何使用？</h2>
              <h3 id="🌐-网站在线使用："><a title="🌐 网站在线使用：" class="headerlink" href="#🌐-网站在线使用："/>🌐 网站在线使用：</h3>
              <pre>
                <code>学习 Django 中...
敬请期待项目部署（绝对不是因为懒）
</code>
              </pre>
              <h3 id="🏠-本地使用（需要有-Python-环境）："><a title="🏠 本地使用（需要有 Python 环境）：" class="headerlink" href="#🏠-本地使用（需要有-Python-环境）："/>🏠 本地使用（需要有 Python 环境）：</h3>
              <ol>
                <li><p>📥 克隆本项目到本地：</p> <ol><li><p>在线下载（推荐）：<br/><a href="https://www.tarikvon.cn/files/what2eat-1.3.zip">what2eat</a></p></li><li><p>克隆仓库（需要安装 git）：</p> <figure class="highlight bash"><table><tr><td class="gutter"><pre><span class="line">1</span><br/><span class="line">2</span><br/></pre></td><td class="code"><pre><span class="line"><span class="built_in">cd</span> Desktop <span class="comment"># 此处可替换为其他路径，这里放到桌面</span></span><br/><span class="line">git <span class="built_in">clone</span> https://github.com/TarikVon/what2eat.git</span><br/></pre></td></tr></table></figure></li></ol></li>
                <li><p>▶️ 运行程序：</p> <figure class="highlight bash"><table><tr><td class="gutter"><pre><span class="line">1</span><br/><span class="line">2</span><br/></pre></td><td class="code"><pre><span class="line"><span class="built_in">cd</span> what2eat <span class="comment"># 此处可替换为其他路径，这里打开 ./what2eat/ 文件夹</span></span><br/><span class="line">python main.py</span><br/></pre></td></tr></table></figure></li>
              </ol>
              <h2 id="📚-技术栈"><a title="📚 技术栈" class="headerlink" href="#📚-技术栈"/>📚 技术栈</h2>
              <p>本项目使用以下技术：</p>
              <ul>
                <li>编程语言：Python</li>
                <li>Web 框架：Django</li>
                <li>操作系统：Linux</li>
                <li>数据库：PostgreSQL</li>
              </ul>
              <h2 id="🤝-贡献"><a title="🤝 贡献" class="headerlink" href="#🤝-贡献"/>🤝 贡献</h2>
              <p>我们欢迎各种形式的贡献，不论是新功能，代码审查，文档改进或是反馈建议。</p>
              <h2 id="📜-许可证"><a title="📜 许可证" class="headerlink" href="#📜-许可证"/>📜 许可证</h2>
              <p>项目采用 <a href="LICENSE">MIT 协议</a>。</p>
            </div>
            <footer class="post-footer">
              <div class="reward-container">
                <div>我很可爱，请给我钱！</div>
                <button>赞赏</button>
                <div class="post-reward">
                  <div>
                    <img alt="Tarik Von 微信" src="/images/wechatpay.png"/>
                    <span>微信</span>
                  </div>
                </div>
              </div>
              <div class="post-tags">
                <a href="/tags/Python/" rel="tag"># Python</a>
                <a href="/tags/Python3/" rel="tag"># Python3</a>
                <a href="/tags/github/" rel="tag"># github</a>
                <a href="/tags/software/" rel="tag"># software</a>
                <a href="/tags/tools/" rel="tag"># tools</a>
                <a href="/tags/what2eat/" rel="tag"># what2eat</a>
              </div>
              <div class="post-nav">
                <div class="post-nav-item">
                  <a title="运维日志 #1：从删库到跑路。" href="/2023/11/23/opsLog-2023-11-23/" rel="prev"> <i class="fa fa-angle-left"/> 运维日志 #1：从删库到跑路。 </a>
                </div>
                <div class="post-nav-item">
                  <a title="Oops! We have temporarily closed the NLP model service" href="/2023/12/19/oops/" rel="next"> Oops! We have temporarily closed the NLP model service <i class="fa fa-angle-right"/> </a>
                </div>
              </div>
            </footer>
          </article>
        </div>
      </div>
    </main>
    <footer class="footer">
      <div class="footer-inner">
        <div class="copyright">© <span itemprop="copyrightYear">2024</span><span class="with-love"> <i class="fa fa-heart"/> </span><span class="author" itemprop="copyrightHolder">Tarik Von</span></div>
        <div class="wordcount">
          <span class="post-meta-item"> <span class="post-meta-item-icon"> <i class="fa fa-chart-line"/> </span> <span title="站点总字数">6k</span> </span>
          <span class="post-meta-item"> <span class="post-meta-item-icon"> <i class="fa fa-coffee"/> </span> <span title="站点阅读时长">21 分钟</span> </span>
        </div>
        <div class="powered-by">由 <a href="https://www.tarikvon.cn:8001/">Hexo</a> &amp; <a href="https://theme-next.js.org/pisces/" rel="noopener" target="_blank">NexT.Pisces</a> 强力驱动</div>
        <script color="126,0,255" count="99" opacity="0.5" src="/lib/theme-next-canvas-nest/canvas-nest.js" zindex="-1"/>
      </div>
    </footer>
    <div aria-label="返回顶部" class="back-to-top" role="button">
      <i class="fa fa-arrow-up fa-lg"/>
      <span>0%</span>
    </div>
    <div class="reading-progress-bar"/>
    <noscript>
      <div class="noscript-warning">Theme NexT works best with JavaScript enabled</div>
    </noscript>
    <script alpha="0.6" size="300" src="https://cdnjs.cloudflare.com/ajax/libs/ribbon.js/1.0.2/ribbon.min.js" zindex="-1"/>
    <script crossorigin="anonymous" integrity="sha256-XL2inqUJaslATFnHdJOi9GfQ60on8Wx1C2H8DYiN1xY=" src="https://cdnjs.cloudflare.com/ajax/libs/animejs/3.2.1/anime.min.js"/>
    <script crossorigin="anonymous" integrity="sha256-vxLn1tSKWD4dqbMRyv940UYw4sXgMtYcK6reefzZrao=" src="https://cdnjs.cloudflare.com/ajax/libs/next-theme-pjax/0.6.0/pjax.min.js"/>
    <script src="/js/comments.js"/>
    <script src="/js/utils.js"/>
    <script src="/js/motion.js"/>
    <script src="/js/next-boot.js"/>
    <script src="/js/pjax.js"/>
    <script src="/live2dw/lib/L2Dwidget.min.js"/>
    <script>L2Dwidget.init({"pluginRootPath":"live2dw/","pluginJsPath":"lib/","pluginModelPath":"assets/","tagMode":false,"debug":false,"model":{"jsonPath":"/live2dw/assets/Kobayaxi.model.json"},"display":{"position":"right","width":200,"vOffset":-150},"mobile":{"show":false},"react":{"opacity":1},"log":false});</script>
  </body>
</html>
