<html lang="zh-CN">
  <head>
    <meta charset="UTF-8"/>
    <meta content="width=device-width" name="viewport"/>
    <meta content="#222" name="theme-color"/>
    <meta content="Hexo 7.0.0" name="generator"/>
    <link href="/images/apple-touch-icon-von.png" rel="apple-touch-icon" sizes="180x180"/>
    <link href="/images/von-32x32-next.png" rel="icon" sizes="32x32" type="image/png"/>
    <link href="/images/von-16x16-next.png" rel="icon" sizes="16x16" type="image/png"/>
    <link color="#222" href="/images/apple-touch-icon-von.png" rel="mask-icon"/>
    <link href="/css/main.css" rel="stylesheet"/>
    <link crossorigin="anonymous" href="https://cdnjs.cloudflare.com/ajax/libs/font-awesome/6.4.2/css/all.min.css" integrity="sha256-CTSx/A06dm1B063156EVh15m6Y67pAjZZaQc89LLSrU=" rel="stylesheet"/>
    <link crossorigin="anonymous" href="https://cdnjs.cloudflare.com/ajax/libs/animate.css/3.1.1/animate.min.css" integrity="sha256-PR7ttpcvz8qrF57fur/yAx1qXMFJeJFiA6pSzWi0OIE=" rel="stylesheet"/>
    <script class="next-config" data-name="main" type="application/json">{"hostname":"www.tarikvon.cn","root":"/","images":"/images","scheme":"Pisces","darkmode":false,"version":"8.18.2","exturl":false,"sidebar":{"position":"left","display":"post","padding":18,"offset":12},"copycode":{"enable":false,"style":null},"fold":{"enable":false,"height":500},"bookmark":{"enable":false,"color":"#222","save":"auto"},"mediumzoom":false,"lazyload":false,"pangu":false,"comments":{"style":"tabs","active":null,"storage":true,"lazyload":false,"nav":null},"stickytabs":false,"motion":{"enable":true,"async":false,"transition":{"menu_item":"fadeInDown","post_block":"fadeIn","post_header":"fadeInDown","post_body":"fadeInDown","coll_header":"fadeInLeft","sidebar":"fadeInUp"}},"prism":false,"i18n":{"placeholder":"搜索...","empty":"没有找到任何搜索结果：${query}","hits_time":"找到 ${hits} 个搜索结果（用时 ${time} 毫秒）","hits":"找到 ${hits} 个搜索结果"}}</script>
    <script src="/js/config.js"/>
    <meta content="Python: Socket &amp; Socketserver 模块使用文档" name="description"/>
    <meta content="article" property="og:type"/>
    <meta content="Python: Socket &amp; Socketserver" property="og:title"/>
    <meta content="http://www.tarikvon.cn/2023/11/17/Python-Socket-Socketserver/index.html" property="og:url"/>
    <meta content="Von's Blog" property="og:site_name"/>
    <meta content="Python: Socket &amp; Socketserver 模块使用文档" property="og:description"/>
    <meta content="zh_CN" property="og:locale"/>
    <meta content="2023-11-17T01:03:26.000Z" property="article:published_time"/>
    <meta content="2023-11-24T20:04:33.058Z" property="article:modified_time"/>
    <meta content="Tarik Von" property="article:author"/>
    <meta content="Python" property="article:tag"/>
    <meta content="Python3" property="article:tag"/>
    <meta content="module" property="article:tag"/>
    <meta content="Socket" property="article:tag"/>
    <meta content="summary" name="twitter:card"/>
    <link href="http://www.tarikvon.cn/2023/11/17/Python-Socket-Socketserver/" rel="canonical"/>
    <script class="next-config" data-name="page" type="application/json">{"sidebar":"","isHome":false,"isPost":true,"lang":"zh-CN","comments":true,"permalink":"http://www.tarikvon.cn/2023/11/17/Python-Socket-Socketserver/","path":"2023/11/17/Python-Socket-Socketserver/","title":"Python: Socket &amp; Socketserver"}</script>
    <script class="next-config" data-name="calendar" type="application/json">""</script>
    <title>Python: Socket &amp; Socketserver | Von's Blog</title>
    <script src="/js/third-party/analytics/baidu-analytics.js"/>
    <script async="" src="https://hm.baidu.com/hm.js?82f83f20674b422f119ed5514b2b3c7d"/>
    <script async="" src="/lib/fireworks.js"/>
    <noscript>
      <link href="/css/noscript.css" rel="stylesheet"/>
    </noscript>
  </head>
  <body class="use-motion" itemscope="" itemtype="http://schema.org/WebPage">
    <div class="headband"/>
    <main class="main">
      <div class="column">
        <header class="header" itemscope="" itemtype="http://schema.org/WPHeader">
          <div class="site-brand-container">
            <div class="site-nav-toggle">
              <div aria-label="切换导航栏" class="toggle" role="button">
                <span class="toggle-line"/>
                <span class="toggle-line"/>
                <span class="toggle-line"/>
              </div>
            </div>
            <div class="site-meta">
              <a class="brand" href="/" rel="start"> <i class="logo-line"/> <p class="site-title">Von's Blog</p> <i class="logo-line"/> </a>
              <p class="site-subtitle" itemprop="description">冯格列斯酒馆绝赞营业中~</p>
            </div>
            <div class="site-nav-right">
              <div class="toggle popup-trigger" aria-label="搜索" role="button"/>
            </div>
          </div>
          <nav class="site-nav">
            <ul class="main-menu menu">
              <li class="menu-item menu-item-home">
                <a href="/" rel="section"><i class="fa fa-home fa-fw"/>首页</a>
              </li>
              <li class="menu-item menu-item-about">
                <a href="/about/" rel="section"><i class="fa fa-user fa-fw"/>关于</a>
              </li>
              <li class="menu-item menu-item-tags">
                <a href="/tags/" rel="section"><i class="fa fa-tags fa-fw"/>标签</a>
              </li>
              <li class="menu-item menu-item-categories">
                <a href="/categories/" rel="section"><i class="fa fa-th fa-fw"/>分类</a>
              </li>
              <li class="menu-item menu-item-archives">
                <a href="/archives/" rel="section"><i class="fa fa-archive fa-fw"/>归档</a>
              </li>
              <li class="menu-item menu-item-schedule">
                <a href="/schedule/" rel="section"><i class="fa fa-calendar fa-fw"/>日程表</a>
              </li>
              <li class="menu-item menu-item-tools">
                <a href="/tools/" rel="section"><i class="fa fa-toolbox fa-fw"/>工具箱</a>
              </li>
            </ul>
          </nav>
        </header>
        <aside class="sidebar">
          <div class="sidebar-inner sidebar-nav-active sidebar-toc-active">
            <ul class="sidebar-nav">
              <li class="sidebar-nav-toc">文章目录</li>
              <li class="sidebar-nav-overview">站点概览</li>
            </ul>
            <div class="sidebar-panel-container">
              <!--noindex-->
              <div class="post-toc-wrap sidebar-panel">
                <div class="post-toc animated">
                  <ol class="nav">
                    <li class="nav-item nav-level-1">
                      <a class="nav-link" href="#Python-Socket-Socketserver-%E6%A8%A1%E5%9D%97%E4%BD%BF%E7%94%A8%E6%96%87%E6%A1%A3"><span class="nav-number">1.</span> <span class="nav-text">Python: Socket &amp; Socketserver 模块使用文档</span></a>
                      <ol class="nav-child">
                        <li class="nav-item nav-level-2">
                          <a class="nav-link" href="#%E8%B5%B7%E5%9B%A0"><span class="nav-number">1.1.</span> <span class="nav-text">起因</span></a>
                        </li>
                        <li class="nav-item nav-level-2">
                          <a class="nav-link" href="#%E6%A8%A1%E5%9D%97%E4%BB%8B%E7%BB%8D"><span class="nav-number">1.2.</span> <span class="nav-text">模块介绍</span></a>
                        </li>
                        <li class="nav-item nav-level-2">
                          <a class="nav-link" href="#%E4%BB%80%E4%B9%88%E6%98%AF-socket%EF%BC%9F"><span class="nav-number">1.3.</span> <span class="nav-text">什么是 socket？</span></a>
                        </li>
                        <li class="nav-item nav-level-2">
                          <a class="nav-link" href="#socket-%E5%87%BD%E6%95%B0"><span class="nav-number">1.4.</span> <span class="nav-text">socket() 函数</span></a>
                          <ol class="nav-child">
                            <li class="nav-item nav-level-3">
                              <a class="nav-link" href="#%E5%8F%82%E6%95%B0"><span class="nav-number">1.4.1.</span> <span class="nav-text">参数</span></a>
                            </li>
                            <li class="nav-item nav-level-3">
                              <a class="nav-link" href="#Socket-%E5%AF%B9%E8%B1%A1%EF%BC%88%E5%86%85%E5%BB%BA%EF%BC%89%E6%96%B9%E6%B3%95"><span class="nav-number">1.4.2.</span> <span class="nav-text">Socket 对象（内建）方法</span></a>
                            </li>
                          </ol>
                        </li>
                      </ol>
                    </li>
                  </ol>
                </div>
              </div>
              <!--/noindex-->
              <div class="site-overview-wrap sidebar-panel">
                <div class="site-author animated" itemprop="author" itemscope="" itemtype="http://schema.org/Person">
                  <img alt="Tarik Von" class="site-author-image" itemprop="image" src="http://q.qlogo.cn/headimg_dl?dst_uin=2758557228&amp;spec=640&amp;img_type=jpg"/>
                  <p class="site-author-name" itemprop="name">Tarik Von</p>
                  <div class="site-description" itemprop="description"/>
                </div>
                <div class="site-state-wrap animated">
                  <nav class="site-state">
                    <div class="site-state-item site-state-posts">
                      <a href="/archives/"> <span class="site-state-item-count">9</span> <span class="site-state-item-name">日志</span> </a>
                    </div>
                    <div class="site-state-item site-state-categories">
                      <a href="/categories/"> <span class="site-state-item-count">5</span> <span class="site-state-item-name">分类</span></a>
                    </div>
                    <div class="site-state-item site-state-tags">
                      <a href="/tags/"> <span class="site-state-item-count">30</span> <span class="site-state-item-name">标签</span></a>
                    </div>
                  </nav>
                </div>
                <div class="links-of-author animated">
                  <span class="links-of-author-item"> <a rel="noopener me" title="GitHub → https://github.com/TarikVon" href="https://github.com/TarikVon" target="_blank"><i class="fab fa-github fa-fw"/>GitHub</a> </span>
                  <span class="links-of-author-item"> <a rel="noopener me" title="Bilibili → https://space.bilibili.com/133633241" href="https://space.bilibili.com/133633241" target="_blank"><i class="fab fa-bilibili fa-fw"/>Bilibili</a> </span>
                  <span class="links-of-author-item"> <a rel="noopener me" title="Twitter → https://twitter.com/Tarik_Von" href="https://twitter.com/Tarik_Von" target="_blank"><i class="fab fa-twitter fa-fw"/>Twitter</a> </span>
                  <span class="links-of-author-item"> <a rel="noopener me" title="YouTube → https://www.youtube.com/@TarikVon" href="https://www.youtube.com/@TarikVon" target="_blank"><i class="fab fa-youtube fa-fw"/>YouTube</a> </span>
                </div>
              </div>
            </div>
            <div>
              <iframe border="0" frameborder="no" height="86" marginheight="0" marginwidth="0" src="https://music.163.com/outchain/player?type=2&amp;id=1398802958&amp;auto=0&amp;height=66" width="330"/>
              <script async="" src="https://rf.revolvermaps.com/0/0/8.js?i=5vuqjbxfa40&amp;m=7&amp;c=ff0000&amp;cr1=ffffff&amp;f=arial&amp;l=33"/>
            </div>
          </div>
        </aside>
      </div>
      <div class="main-inner post posts-expand">
        <div class="post-block">
          <article class="post-content" itemscope="" itemtype="http://schema.org/Article" lang="zh-CN">
            <link href="http://www.tarikvon.cn/2023/11/17/Python-Socket-Socketserver/" itemprop="mainEntityOfPage"/>
            <span hidden="" itemprop="author" itemscope="" itemtype="http://schema.org/Person"> <meta content="http://q.qlogo.cn/headimg_dl?dst_uin=2758557228&amp;spec=640&amp;img_type=jpg" itemprop="image"/> <meta content="Tarik Von" itemprop="name"/> </span>
            <span hidden="" itemprop="publisher" itemscope="" itemtype="http://schema.org/Organization"> <meta content="Von's Blog" itemprop="name"/> <meta itemprop="description"/> </span>
            <span hidden="" itemprop="post" itemscope="" itemtype="http://schema.org/CreativeWork"> <meta content="Python: Socket &amp; Socketserver | Von's Blog" itemprop="name"/> <meta itemprop="description"/> </span>
            <header class="post-header">
              <h1 itemprop="name headline" class="post-title">Python: Socket &amp; Socketserver</h1>
              <div class="post-meta-container">
                <div class="post-meta">
                  <span class="post-meta-item"> <span class="post-meta-item-icon"> <i class="far fa-calendar"/> </span> <span class="post-meta-item-text">发表于</span> <time itemprop="dateCreated datePublished" title="创建时间：2023-11-17 09:03:26" datetime="2023-11-17T09:03:26+08:00">2023-11-17</time> </span>
                  <span class="post-meta-item"> <span class="post-meta-item-icon"> <i class="far fa-calendar-check"/> </span> <span class="post-meta-item-text">更新于</span> <time title="修改时间：2023-11-25 04:04:33" datetime="2023-11-25T04:04:33+08:00" itemprop="dateModified">2023-11-25</time> </span>
                  <span class="post-meta-item"> <span class="post-meta-item-icon"> <i class="far fa-folder"/> </span> <span class="post-meta-item-text">分类于</span> <span itemprop="about" itemscope="" itemtype="http://schema.org/Thing"> <a href="/categories/notes/" itemprop="url" rel="index"><span itemprop="name">notes</span></a> </span> </span>
                  <span class="post-meta-item" title="本文字数"> <span class="post-meta-item-icon"> <i class="far fa-file-word"/> </span> <span class="post-meta-item-text">本文字数：</span> <span>843</span> </span>
                  <span class="post-meta-item" title="阅读时长"> <span class="post-meta-item-icon"> <i class="far fa-clock"/> </span> <span class="post-meta-item-text">阅读时长 ≈</span> <span>3 分钟</span> </span>
                </div>
              </div>
            </header>
            <div class="post-body" itemprop="articleBody">
              <h1 id="Python-Socket-Socketserver-模块使用文档"><a title="Python: Socket &amp; Socketserver 模块使用文档" class="headerlink" href="#Python-Socket-Socketserver-模块使用文档"/>Python: Socket &amp; Socketserver 模块使用文档</h1>
              <hr/>
              <h2 id="起因"><a class="headerlink" href="#起因" title="起因"/>起因</h2>
              <blockquote>
                <p>这是本博客的第一篇文章，由 Python 实验课学习 Socket &amp; Socketserver 两个模块时撰写。</p>
                <p>为什么要写这篇文章呢？</p>
                <ul>
                  <li>
                    <del>因为学完就忘</del>
                  </li>
                  <li>
                    <del>官方的文档写的就是一坨</del>
                  </li>
                  <li>网上找不到简明、统一的教程</li>
                </ul>
              </blockquote>
              <h2 id="模块介绍"><a class="headerlink" href="#模块介绍" title="模块介绍"/>模块介绍</h2>
              <p>Python 提供了两个级别访问的网络服务：</p>
              <ul>
                <li>低级别的网络服务支持基本的 Socket，它提供了标准的 BSD Sockets API，可以访问底层操作系统 Socket 接口的全部方法。</li>
                <li>高级别的网络服务模块 SocketServer，它提供了服务器中心类，可以简化网络服务器的开发。</li>
              </ul>
              <h2 id="什么是-socket？"><a title="什么是 socket？" class="headerlink" href="#什么是-socket？"/>什么是 socket？</h2>
              <p>Socket 又称“套接字”，应用程序通常通过“套接字”向网络发出请求或者应答网络请求，使主机间或者一台计算机上的进程间可以通讯。</p>
              <h2 id="socket-函数"><a title="socket() 函数" class="headerlink" href="#socket-函数"/>socket() 函数</h2>
              <p>使用 <code>socket()</code> 函数创建对象：<figure class="highlight python"><table><tr><td class="gutter"><pre><span class="line">1</span><br/></pre></td><td class="code"><pre><span class="line">socket.socket([family[, <span class="built_in">type</span>[, proto]]])</span><br/></pre></td></tr></table></figure></p>
              <h3 id="参数"><a class="headerlink" href="#参数" title="参数"/>参数</h3>
              <ul>
                <li><p>family: 套接字家族可以是 <em>AF_UNIX</em> 或者 <em>AF_INET</em></p> <ul><li><em>AF_UNIX</em> 表示 Unix 域套接字（Unix Domain Socket），用于在同一台计算机上的不同进程之间进行通信。这种套接字通过文件系统路径进行标识。使用 <em>AF_UNIX</em> 时，不需要指定 <em>proto</em> 参数，因为它通常与文件系统相关联。</li><li><em>AF_INET</em> 表示 IPv4 套接字，用于在网络上的不同计算机之间进行通信。IPv4 套接字通过 IP 地址和端口号进行标识。</li></ul></li>
                <li><p>type: 套接字类型可以根据是面向连接的还是非连接分为 <em>SOCK_STREAM</em> 或 <em>SOCK_DGRAM</em></p> <ul><li><em>SOCK_STREAM</em>: 用于创建面向连接的套接字，提供可靠的、双向的、基于流的连接。这种套接字通常使用 TCP 协议，它保证数据的顺序和可靠性。</li><li><em>SOCK_DGRAM</em>: 用于创建非连接的套接字，提供不可靠的、无序的、基于数据报的连接。这种套接字通常使用 UDP 协议，它不保证数据的顺序和可靠性，但通常具有较低的延迟。</li></ul></li>
                <li>
                  <p>proto: 一般不填默认为 0。</p>
                </li>
              </ul>
              <h3 id="Socket-对象（内建）方法"><a title="Socket 对象（内建）方法" class="headerlink" href="#Socket-对象（内建）方法"/>Socket 对象（内建）方法</h3>
              <p>服务器端：</p>
              <table>
                <thead>
                  <tr>
                    <th>函数</th>
                    <th>描述</th>
                  </tr>
                </thead>
                <tbody>
                  <tr>
                    <td>socket.bind(<em>address</em>)</td>
                    <td>绑定地址 <em>address(host,port)</em> 到套接字</td>
                  </tr>
                  <tr>
                    <td>socket.listen(<em>backlog</em>)</td>
                    <td>开始 TCP 监听。<em>backlog</em> 指定在拒绝连接之前，操作系统可以挂起的最大连接数量。该值至少为 1，通常为 5</td>
                  </tr>
                  <tr>
                    <td>socket.accept()</td>
                    <td>被动接受 TCP 客户端连接，（阻塞式）等待连接的到来</td>
                  </tr>
                </tbody>
              </table>
              <p>客户端：</p>
              <table>
                <thead>
                  <tr>
                    <th>函数</th>
                    <th>描述</th>
                  </tr>
                </thead>
                <tbody>
                  <tr>
                    <td>socket.connect(<em>address</em>)</td>
                    <td>主动初始化 TCP 服务器连接，如果连接出错，返回 socket.error 错误</td>
                  </tr>
                  <tr>
                    <td>socket.connect_ex(<em>address</em>)</td>
                    <td>connect() 函数的扩展版本，出错时返回出错码，而不是抛出异常</td>
                  </tr>
                </tbody>
              </table>
              <p>公共用途：</p>
              <table>
                <thead>
                  <tr>
                    <th>函数</th>
                    <th>描述</th>
                  </tr>
                </thead>
                <tbody>
                  <tr>
                    <td>socket.recv(<em>bufsize</em>)</td>
                    <td>接收 TCP 数据，数据以字符串形式返回。<em>bufsize</em> 指定要接收的最大数据量</td>
                  </tr>
                  <tr>
                    <td>socket.send(<em>bytes</em>)</td>
                    <td>发送 TCP 数据，将 <em>bytes</em> 中的数据发送到连接的套接字，返回值是要发送的字节数量</td>
                  </tr>
                  <tr>
                    <td>socket.sendall(<em>bytes</em>)</td>
                    <td>完整发送 TCP 数据，在返回之前会尝试发送所有数据；成功返回 None，失败则抛出异常</td>
                  </tr>
                  <tr>
                    <td>socket.recvfrom(<em>bufsize</em>)</td>
                    <td>接收 TCP 数据，数据以 (<em>data</em>, <em>address</em>) 形式返回</td>
                  </tr>
                  <tr>
                    <td>socket.sendto(<em>bytes</em>, <em>address</em>)</td>
                    <td>发送 UDP 数据，将数据发送到套接字，指定远程地址,返回值是发送的字节数</td>
                  </tr>
                  <tr>
                    <td>socket.close()</td>
                    <td>关闭套接字</td>
                  </tr>
                </tbody>
              </table>
            </div>
            <footer class="post-footer">
              <div class="reward-container">
                <div>我很可爱，请给我钱！</div>
                <button>赞赏</button>
                <div class="post-reward">
                  <div>
                    <img alt="Tarik Von 微信" src="/images/wechatpay.png"/>
                    <span>微信</span>
                  </div>
                </div>
              </div>
              <div class="post-tags">
                <a href="/tags/Python/" rel="tag"># Python</a>
                <a href="/tags/Python3/" rel="tag"># Python3</a>
                <a href="/tags/module/" rel="tag"># module</a>
                <a href="/tags/Socket/" rel="tag"># Socket</a>
              </div>
              <div class="post-nav">
                <div class="post-nav-item">
                  <a title="Hell World!" href="/2023/11/15/hello-world/" rel="prev"> <i class="fa fa-angle-left"/> Hell World! </a>
                </div>
                <div class="post-nav-item">
                  <a title="运维日志 #1：从删库到跑路。" href="/2023/11/23/opsLog-2023-11-23/" rel="next"> 运维日志 #1：从删库到跑路。 <i class="fa fa-angle-right"/> </a>
                </div>
              </div>
            </footer>
          </article>
        </div>
      </div>
    </main>
    <footer class="footer">
      <div class="footer-inner">
        <div class="copyright">© <span itemprop="copyrightYear">2024</span><span class="with-love"> <i class="fa fa-heart"/> </span><span class="author" itemprop="copyrightHolder">Tarik Von</span></div>
        <div class="wordcount">
          <span class="post-meta-item"> <span class="post-meta-item-icon"> <i class="fa fa-chart-line"/> </span> <span title="站点总字数">6k</span> </span>
          <span class="post-meta-item"> <span class="post-meta-item-icon"> <i class="fa fa-coffee"/> </span> <span title="站点阅读时长">21 分钟</span> </span>
        </div>
        <div class="powered-by">由 <a href="https://www.tarikvon.cn:8001/">Hexo</a> &amp; <a href="https://theme-next.js.org/pisces/" rel="noopener" target="_blank">NexT.Pisces</a> 强力驱动</div>
        <script color="126,0,255" count="99" opacity="0.5" src="/lib/theme-next-canvas-nest/canvas-nest.js" zindex="-1"/>
      </div>
    </footer>
    <div aria-label="返回顶部" class="back-to-top" role="button">
      <i class="fa fa-arrow-up fa-lg"/>
      <span>0%</span>
    </div>
    <div class="reading-progress-bar"/>
    <noscript>
      <div class="noscript-warning">Theme NexT works best with JavaScript enabled</div>
    </noscript>
    <script alpha="0.6" size="300" src="https://cdnjs.cloudflare.com/ajax/libs/ribbon.js/1.0.2/ribbon.min.js" zindex="-1"/>
    <script crossorigin="anonymous" integrity="sha256-XL2inqUJaslATFnHdJOi9GfQ60on8Wx1C2H8DYiN1xY=" src="https://cdnjs.cloudflare.com/ajax/libs/animejs/3.2.1/anime.min.js"/>
    <script crossorigin="anonymous" integrity="sha256-vxLn1tSKWD4dqbMRyv940UYw4sXgMtYcK6reefzZrao=" src="https://cdnjs.cloudflare.com/ajax/libs/next-theme-pjax/0.6.0/pjax.min.js"/>
    <script src="/js/comments.js"/>
    <script src="/js/utils.js"/>
    <script src="/js/motion.js"/>
    <script src="/js/next-boot.js"/>
    <script src="/js/pjax.js"/>
    <script src="/live2dw/lib/L2Dwidget.min.js"/>
    <script>L2Dwidget.init({"pluginRootPath":"live2dw/","pluginJsPath":"lib/","pluginModelPath":"assets/","tagMode":false,"debug":false,"model":{"jsonPath":"/live2dw/assets/Kobayaxi.model.json"},"display":{"position":"right","width":200,"vOffset":-150},"mobile":{"show":false},"react":{"opacity":1},"log":false});</script>
  </body>
</html>
