<html lang="zh-CN">
  <head>
    <meta charset="UTF-8"/>
    <meta content="width=device-width" name="viewport"/>
    <meta content="#222" name="theme-color"/>
    <meta content="Hexo 7.0.0" name="generator"/>
    <link href="/images/apple-touch-icon-von.png" rel="apple-touch-icon" sizes="180x180"/>
    <link href="/images/von-32x32-next.png" rel="icon" sizes="32x32" type="image/png"/>
    <link href="/images/von-16x16-next.png" rel="icon" sizes="16x16" type="image/png"/>
    <link color="#222" href="/images/apple-touch-icon-von.png" rel="mask-icon"/>
    <link href="/css/main.css" rel="stylesheet"/>
    <link crossorigin="anonymous" href="https://cdnjs.cloudflare.com/ajax/libs/font-awesome/6.4.2/css/all.min.css" integrity="sha256-CTSx/A06dm1B063156EVh15m6Y67pAjZZaQc89LLSrU=" rel="stylesheet"/>
    <link crossorigin="anonymous" href="https://cdnjs.cloudflare.com/ajax/libs/animate.css/3.1.1/animate.min.css" integrity="sha256-PR7ttpcvz8qrF57fur/yAx1qXMFJeJFiA6pSzWi0OIE=" rel="stylesheet"/>
    <script class="next-config" data-name="main" type="application/json">{"hostname":"www.tarikvon.cn","root":"/","images":"/images","scheme":"Pisces","darkmode":false,"version":"8.18.2","exturl":false,"sidebar":{"position":"left","display":"post","padding":18,"offset":12},"copycode":{"enable":false,"style":null},"fold":{"enable":false,"height":500},"bookmark":{"enable":false,"color":"#222","save":"auto"},"mediumzoom":false,"lazyload":false,"pangu":false,"comments":{"style":"tabs","active":null,"storage":true,"lazyload":false,"nav":null},"stickytabs":false,"motion":{"enable":true,"async":false,"transition":{"menu_item":"fadeInDown","post_block":"fadeIn","post_header":"fadeInDown","post_body":"fadeInDown","coll_header":"fadeInLeft","sidebar":"fadeInUp"}},"prism":false,"i18n":{"placeholder":"搜索...","empty":"没有找到任何搜索结果：${query}","hits_time":"找到 ${hits} 个搜索结果（用时 ${time} 毫秒）","hits":"找到 ${hits} 个搜索结果"}}</script>
    <script src="/js/config.js"/>
    <meta content="2023 年 11 月 23 日  git 引发的灾难 来自 html 逐行翻译的秽土转生   一些闲话在拥有了一个自己的 Linux 服务器和搭建了一个 Blog 之后，由于本人过于 poor 的技能水平，在一些非常愚蠢的地方经常遇到各种各样的奇葩问题，于是就开了这么个“运维日志”系列，记录并分享遇到的问题以及解决过程，以此为鉴。" name="description"/>
    <meta content="article" property="og:type"/>
    <meta content="运维日志 #1：从删库到跑路。" property="og:title"/>
    <meta content="http://www.tarikvon.cn/2023/11/23/opsLog-2023-11-23/index.html" property="og:url"/>
    <meta content="Von's Blog" property="og:site_name"/>
    <meta content="2023 年 11 月 23 日  git 引发的灾难 来自 html 逐行翻译的秽土转生   一些闲话在拥有了一个自己的 Linux 服务器和搭建了一个 Blog 之后，由于本人过于 poor 的技能水平，在一些非常愚蠢的地方经常遇到各种各样的奇葩问题，于是就开了这么个“运维日志”系列，记录并分享遇到的问题以及解决过程，以此为鉴。" property="og:description"/>
    <meta content="zh_CN" property="og:locale"/>
    <meta content="https://www.tarikvon.cn/images/opsLog/IMG_1.png" property="og:image"/>
    <meta content="https://www.tarikvon.cn/images/opsLog/IMG_2.gif" property="og:image"/>
    <meta content="https://www.tarikvon.cn/images/opsLog/IMG_3.png" property="og:image"/>
    <meta content="2023-11-23T13:25:52.000Z" property="article:published_time"/>
    <meta content="2024-05-21T12:47:16.952Z" property="article:modified_time"/>
    <meta content="Tarik Von" property="article:author"/>
    <meta content="github" property="article:tag"/>
    <meta content="git" property="article:tag"/>
    <meta content="hexo" property="article:tag"/>
    <meta content="html" property="article:tag"/>
    <meta content="markdown" property="article:tag"/>
    <meta content="summary" name="twitter:card"/>
    <meta content="https://www.tarikvon.cn/images/opsLog/IMG_1.png" name="twitter:image"/>
    <link href="http://www.tarikvon.cn/2023/11/23/opsLog-2023-11-23/" rel="canonical"/>
    <script class="next-config" data-name="page" type="application/json">{"sidebar":"","isHome":false,"isPost":true,"lang":"zh-CN","comments":true,"permalink":"http://www.tarikvon.cn/2023/11/23/opsLog-2023-11-23/","path":"2023/11/23/opsLog-2023-11-23/","title":"运维日志 #1：从删库到跑路。"}</script>
    <script class="next-config" data-name="calendar" type="application/json">""</script>
    <title>运维日志 #1：从删库到跑路。 | Von's Blog</title>
    <script src="/js/third-party/analytics/baidu-analytics.js"/>
    <script async="" src="https://hm.baidu.com/hm.js?82f83f20674b422f119ed5514b2b3c7d"/>
    <script async="" src="/lib/fireworks.js"/>
    <noscript>
      <link href="/css/noscript.css" rel="stylesheet"/>
    </noscript>
  </head>
  <body class="use-motion" itemscope="" itemtype="http://schema.org/WebPage">
    <div class="headband"/>
    <main class="main">
      <div class="column">
        <header class="header" itemscope="" itemtype="http://schema.org/WPHeader">
          <div class="site-brand-container">
            <div class="site-nav-toggle">
              <div aria-label="切换导航栏" class="toggle" role="button">
                <span class="toggle-line"/>
                <span class="toggle-line"/>
                <span class="toggle-line"/>
              </div>
            </div>
            <div class="site-meta">
              <a class="brand" href="/" rel="start"> <i class="logo-line"/> <p class="site-title">Von's Blog</p> <i class="logo-line"/> </a>
              <p class="site-subtitle" itemprop="description">冯格列斯酒馆绝赞营业中~</p>
            </div>
            <div class="site-nav-right">
              <div class="toggle popup-trigger" aria-label="搜索" role="button"/>
            </div>
          </div>
          <nav class="site-nav">
            <ul class="main-menu menu">
              <li class="menu-item menu-item-home">
                <a href="/" rel="section"><i class="fa fa-home fa-fw"/>首页</a>
              </li>
              <li class="menu-item menu-item-about">
                <a href="/about/" rel="section"><i class="fa fa-user fa-fw"/>关于</a>
              </li>
              <li class="menu-item menu-item-tags">
                <a href="/tags/" rel="section"><i class="fa fa-tags fa-fw"/>标签</a>
              </li>
              <li class="menu-item menu-item-categories">
                <a href="/categories/" rel="section"><i class="fa fa-th fa-fw"/>分类</a>
              </li>
              <li class="menu-item menu-item-archives">
                <a href="/archives/" rel="section"><i class="fa fa-archive fa-fw"/>归档</a>
              </li>
              <li class="menu-item menu-item-schedule">
                <a href="/schedule/" rel="section"><i class="fa fa-calendar fa-fw"/>日程表</a>
              </li>
              <li class="menu-item menu-item-tools">
                <a href="/tools/" rel="section"><i class="fa fa-toolbox fa-fw"/>工具箱</a>
              </li>
            </ul>
          </nav>
        </header>
        <aside class="sidebar">
          <div class="sidebar-inner sidebar-nav-active sidebar-toc-active">
            <ul class="sidebar-nav">
              <li class="sidebar-nav-toc">文章目录</li>
              <li class="sidebar-nav-overview">站点概览</li>
            </ul>
            <div class="sidebar-panel-container">
              <!--noindex-->
              <div class="post-toc-wrap sidebar-panel">
                <div class="post-toc animated">
                  <ol class="nav">
                    <li class="nav-item nav-level-2">
                      <a class="nav-link" href="#2023-%E5%B9%B4-11-%E6%9C%88-23-%E6%97%A5"><span class="nav-number">1.</span> <span class="nav-text">2023 年 11 月 23 日</span></a>
                    </li>
                    <li class="nav-item nav-level-2">
                      <a class="nav-link" href="#%E4%B8%80%E4%BA%9B%E9%97%B2%E8%AF%9D"><span class="nav-number">2.</span> <span class="nav-text">一些闲话</span></a>
                    </li>
                    <li class="nav-item nav-level-2">
                      <a class="nav-link" href="#%E9%97%AE%E9%A2%98"><span class="nav-number">3.</span> <span class="nav-text">问题</span></a>
                    </li>
                    <li class="nav-item nav-level-2">
                      <a class="nav-link" href="#%E8%A7%A3%E5%86%B3"><span class="nav-number">4.</span> <span class="nav-text">解决</span></a>
                      <ol class="nav-child">
                        <li class="nav-item nav-level-3">
                          <a class="nav-link"><span class="nav-number">4.1.</span> <span class="nav-text"/></a>
                        </li>
                        <li class="nav-item nav-level-3">
                          <a class="nav-link" href="#%E6%88%91%E5%86%8D%E4%B9%9F%E4%B8%8D%E6%83%B3%E7%AC%AC%E4%BA%8C%E6%AC%A1%E4%BD%93%E9%AA%8C%E8%BF%99%E7%A7%8D%E6%84%9F%E8%A7%89%E4%BA%86%E3%80%82"><span class="nav-number">4.2.</span> <span class="nav-text">我再也不想第二次体验这种感觉了。</span></a>
                        </li>
                      </ol>
                    </li>
                  </ol>
                </div>
              </div>
              <!--/noindex-->
              <div class="site-overview-wrap sidebar-panel">
                <div class="site-author animated" itemprop="author" itemscope="" itemtype="http://schema.org/Person">
                  <img alt="Tarik Von" class="site-author-image" itemprop="image" src="http://q.qlogo.cn/headimg_dl?dst_uin=2758557228&amp;spec=640&amp;img_type=jpg"/>
                  <p class="site-author-name" itemprop="name">Tarik Von</p>
                  <div class="site-description" itemprop="description"/>
                </div>
                <div class="site-state-wrap animated">
                  <nav class="site-state">
                    <div class="site-state-item site-state-posts">
                      <a href="/archives/"> <span class="site-state-item-count">9</span> <span class="site-state-item-name">日志</span> </a>
                    </div>
                    <div class="site-state-item site-state-categories">
                      <a href="/categories/"> <span class="site-state-item-count">5</span> <span class="site-state-item-name">分类</span></a>
                    </div>
                    <div class="site-state-item site-state-tags">
                      <a href="/tags/"> <span class="site-state-item-count">30</span> <span class="site-state-item-name">标签</span></a>
                    </div>
                  </nav>
                </div>
                <div class="links-of-author animated">
                  <span class="links-of-author-item"> <a rel="noopener me" title="GitHub → https://github.com/TarikVon" href="https://github.com/TarikVon" target="_blank"><i class="fab fa-github fa-fw"/>GitHub</a> </span>
                  <span class="links-of-author-item"> <a rel="noopener me" title="Bilibili → https://space.bilibili.com/133633241" href="https://space.bilibili.com/133633241" target="_blank"><i class="fab fa-bilibili fa-fw"/>Bilibili</a> </span>
                  <span class="links-of-author-item"> <a rel="noopener me" title="Twitter → https://twitter.com/Tarik_Von" href="https://twitter.com/Tarik_Von" target="_blank"><i class="fab fa-twitter fa-fw"/>Twitter</a> </span>
                  <span class="links-of-author-item"> <a rel="noopener me" title="YouTube → https://www.youtube.com/@TarikVon" href="https://www.youtube.com/@TarikVon" target="_blank"><i class="fab fa-youtube fa-fw"/>YouTube</a> </span>
                </div>
              </div>
            </div>
            <div>
              <iframe border="0" frameborder="no" height="86" marginheight="0" marginwidth="0" src="https://music.163.com/outchain/player?type=2&amp;id=1398802958&amp;auto=0&amp;height=66" width="330"/>
              <script async="" src="https://rf.revolvermaps.com/0/0/8.js?i=5vuqjbxfa40&amp;m=7&amp;c=ff0000&amp;cr1=ffffff&amp;f=arial&amp;l=33"/>
            </div>
          </div>
        </aside>
      </div>
      <div class="main-inner post posts-expand">
        <div class="post-block">
          <article class="post-content" itemscope="" itemtype="http://schema.org/Article" lang="zh-CN">
            <link href="http://www.tarikvon.cn/2023/11/23/opsLog-2023-11-23/" itemprop="mainEntityOfPage"/>
            <span hidden="" itemprop="author" itemscope="" itemtype="http://schema.org/Person"> <meta content="http://q.qlogo.cn/headimg_dl?dst_uin=2758557228&amp;spec=640&amp;img_type=jpg" itemprop="image"/> <meta content="Tarik Von" itemprop="name"/> </span>
            <span hidden="" itemprop="publisher" itemscope="" itemtype="http://schema.org/Organization"> <meta content="Von's Blog" itemprop="name"/> <meta itemprop="description"/> </span>
            <span hidden="" itemprop="post" itemscope="" itemtype="http://schema.org/CreativeWork"> <meta content="运维日志 #1：从删库到跑路。 | Von's Blog" itemprop="name"/> <meta itemprop="description"/> </span>
            <header class="post-header">
              <h1 itemprop="name headline" class="post-title">运维日志 #1：从删库到跑路。</h1>
              <div class="post-meta-container">
                <div class="post-meta">
                  <span class="post-meta-item"> <span class="post-meta-item-icon"> <i class="far fa-calendar"/> </span> <span class="post-meta-item-text">发表于</span> <time itemprop="dateCreated datePublished" title="创建时间：2023-11-23 21:25:52" datetime="2023-11-23T21:25:52+08:00">2023-11-23</time> </span>
                  <span class="post-meta-item"> <span class="post-meta-item-icon"> <i class="far fa-calendar-check"/> </span> <span class="post-meta-item-text">更新于</span> <time title="修改时间：2024-05-21 20:47:16" datetime="2024-05-21T20:47:16+08:00" itemprop="dateModified">2024-05-21</time> </span>
                  <span class="post-meta-item"> <span class="post-meta-item-icon"> <i class="far fa-folder"/> </span> <span class="post-meta-item-text">分类于</span> <span itemprop="about" itemscope="" itemtype="http://schema.org/Thing"> <a href="/categories/opsLog/" itemprop="url" rel="index"><span itemprop="name">opsLog</span></a> </span> </span>
                  <span class="post-meta-item" title="本文字数"> <span class="post-meta-item-icon"> <i class="far fa-file-word"/> </span> <span class="post-meta-item-text">本文字数：</span> <span>859</span> </span>
                  <span class="post-meta-item" title="阅读时长"> <span class="post-meta-item-icon"> <i class="far fa-clock"/> </span> <span class="post-meta-item-text">阅读时长 ≈</span> <span>3 分钟</span> </span>
                </div>
              </div>
            </header>
            <div class="post-body" itemprop="articleBody">
              <h2 id="2023-年-11-月-23-日"><a title="2023 年 11 月 23 日" class="headerlink" href="#2023-年-11-月-23-日"/>2023 年 11 月 23 日</h2>
              <blockquote>
                <ul>
                  <li>git 引发的灾难</li>
                  <li>来自 html 逐行翻译的秽土转生</li>
                </ul>
              </blockquote>
              <h2 id="一些闲话"><a class="headerlink" href="#一些闲话" title="一些闲话"/>一些闲话</h2>
              <p>在拥有了一个自己的 Linux 服务器和搭建了一个 Blog 之后，由于本人过于 poor 的技能水平，在一些非常愚蠢的地方经常遇到各种各样的奇葩问题，于是就开了这么个“运维日志”系列，记录并分享遇到的问题以及解决过程，以此为鉴。</p>
              <span id="more"/>
              <p>在撰写这一篇运维日志的时候，已是 2023 年 12 月 12 日，而本问题发生的时间如上所示，为半个多月之前——这还是由于我们专业的地狱排课：</p>
              <img height="25%" src="https://www.tarikvon.cn/images/opsLog/IMG_1.png" width="25%"/>
              <blockquote>
                <p>直到今天，我才能从堆积如山的 ddl 中抽出<del>尸体</del>时间，来干一些自己<del>喜欢</del>的事情。</p>
              </blockquote>
              <h2 id="问题"><a class="headerlink" href="#问题" title="问题"/>问题</h2>
              <p>以下为聊天记录：</p>
              <blockquote>
                <p>“今天早上”</p>
                <p>“我正在一如既往地摆弄我的小小垃圾桶。”</p>
                <p>“突发奇想”</p>
                <p>“最近一直在学习使用 git 仓库”</p>
                <p>“我不如把我的博客文件夹里所有东西在 github 里存一份”</p>
                <p>“然后我就这么做了。”</p>
              </blockquote>
              <p>由于本网站为基于 Hexo 搭建的静态博客，我使用的绝大多数模块都是在 github 上直接克隆的，而少部分是通过 sftp 上传 .tar.gz 再在云端解压的——</p>
              <p>而这也是问题产生的原因——这些文件夹内部有自己的 git 仓库文件。</p>
              <p>当我在 VS Code 内使用内置插件初始化 git 仓库时，由于对这个<del>傻逼</del>插件的用法不是很熟，在 <code>git add</code> 命令之后，一些子文件夹并没有被添加在改动之内，而这也包括了存储所有文章的 <code>/source</code> 文件夹。</p>
              <p>在完成对云端的推送之后，为了合并内容，我对云端实行拉取并覆盖了本地的仓库。</p>
              <blockquote>
                <p>“然而我并没有意识到发生了什么。我愉快地度过了一天”</p>
                <p>“直到刚刚。我发布了一个新功能。”</p>
                <p>“部署：错误。未找到/source/footer.swig。”</p>
                <p>“然后我才发现”</p>
                <p>“git 他把我本地里 source 文件夹下所有的帖子全删了。”</p>
                <p>“哈哈。多么有趣的功能。”</p>
                <p>“我讲完了。”</p>
                <p>“我讲，完了。”</p>
              </blockquote>
              <p>讲到这，你可能会问：“那你用 git 回滚改动不就好了？”</p>
              <p>这就要归结于我的一个坏习惯：喜欢重置。</p>
              <p>我在玩 git 相关命令的时，在学习并体验一些命令之后，往往会造成非常多且复杂的分支以及日志，于是我喜欢直接把 .git 文件夹整个删掉从头 init。</p>
              <p>所以，我看着空空如也的提交日志之后，我人炸了。</p>
              <p>
                <img alt="图片" src="https://www.tarikvon.cn/images/opsLog/IMG_2.gif"/>
              </p>
              <h2 id="解决"><a class="headerlink" href="#解决" title="解决"/>解决</h2>
              <p>在尝试过从各种地方恢复数据无果之后，我只有找到目前已经在网页上部署的 html 文件。</p>
              <p>但是经过 Hexo 的转化，已经和原始的 Markdown 文件相去甚远。</p>
              <p>然而，在撰写博客的时候，文章的内容非常多且结构非常复杂，我实在是不想从头写一份，所以做了个大胆的决定——逐行翻译。</p>
              <p>在宿舍和自习室非常痛苦地从晚上 11 点翻译到凌晨 4 点之后，我终于完美地完成了工作：一字不差。</p>
              <p>
                <img alt="图片" src="https://www.tarikvon.cn/images/opsLog/IMG_3.png"/>
              </p>
              <h3>
                <a class="headerlink" href="#"/>
              </h3>
              <blockquote>
                <h3 id="我再也不想第二次体验这种感觉了。"><a class="headerlink" href="#我再也不想第二次体验这种感觉了。" title="我再也不想第二次体验这种感觉了。"/>我再也不想第二次体验这种感觉了。</h3>
              </blockquote>
            </div>
            <footer class="post-footer">
              <div class="reward-container">
                <div>我很可爱，请给我钱！</div>
                <button>赞赏</button>
                <div class="post-reward">
                  <div>
                    <img alt="Tarik Von 微信" src="/images/wechatpay.png"/>
                    <span>微信</span>
                  </div>
                </div>
              </div>
              <div class="post-tags">
                <a href="/tags/github/" rel="tag"># github</a>
                <a href="/tags/git/" rel="tag"># git</a>
                <a href="/tags/hexo/" rel="tag"># hexo</a>
                <a href="/tags/html/" rel="tag"># html</a>
                <a href="/tags/markdown/" rel="tag"># markdown</a>
              </div>
              <div class="post-nav">
                <div class="post-nav-item">
                  <a title="Python: Socket &amp; Socketserver" href="/2023/11/17/Python-Socket-Socketserver/" rel="prev"> <i class="fa fa-angle-left"/> Python: Socket &amp; Socketserver </a>
                </div>
                <div class="post-nav-item">
                  <a title="😋 What to Eat Today?" href="/2023/12/14/what2eat/" rel="next"> 😋 What to Eat Today? <i class="fa fa-angle-right"/> </a>
                </div>
              </div>
            </footer>
          </article>
        </div>
      </div>
    </main>
    <footer class="footer">
      <div class="footer-inner">
        <div class="copyright">© <span itemprop="copyrightYear">2024</span><span class="with-love"> <i class="fa fa-heart"/> </span><span class="author" itemprop="copyrightHolder">Tarik Von</span></div>
        <div class="wordcount">
          <span class="post-meta-item"> <span class="post-meta-item-icon"> <i class="fa fa-chart-line"/> </span> <span title="站点总字数">6k</span> </span>
          <span class="post-meta-item"> <span class="post-meta-item-icon"> <i class="fa fa-coffee"/> </span> <span title="站点阅读时长">21 分钟</span> </span>
        </div>
        <div class="powered-by">由 <a href="https://www.tarikvon.cn:8001/">Hexo</a> &amp; <a href="https://theme-next.js.org/pisces/" rel="noopener" target="_blank">NexT.Pisces</a> 强力驱动</div>
        <script color="126,0,255" count="99" opacity="0.5" src="/lib/theme-next-canvas-nest/canvas-nest.js" zindex="-1"/>
      </div>
    </footer>
    <div aria-label="返回顶部" class="back-to-top" role="button">
      <i class="fa fa-arrow-up fa-lg"/>
      <span>0%</span>
    </div>
    <div class="reading-progress-bar"/>
    <noscript>
      <div class="noscript-warning">Theme NexT works best with JavaScript enabled</div>
    </noscript>
    <script alpha="0.6" size="300" src="https://cdnjs.cloudflare.com/ajax/libs/ribbon.js/1.0.2/ribbon.min.js" zindex="-1"/>
    <script crossorigin="anonymous" integrity="sha256-XL2inqUJaslATFnHdJOi9GfQ60on8Wx1C2H8DYiN1xY=" src="https://cdnjs.cloudflare.com/ajax/libs/animejs/3.2.1/anime.min.js"/>
    <script crossorigin="anonymous" integrity="sha256-vxLn1tSKWD4dqbMRyv940UYw4sXgMtYcK6reefzZrao=" src="https://cdnjs.cloudflare.com/ajax/libs/next-theme-pjax/0.6.0/pjax.min.js"/>
    <script src="/js/comments.js"/>
    <script src="/js/utils.js"/>
    <script src="/js/motion.js"/>
    <script src="/js/next-boot.js"/>
    <script src="/js/pjax.js"/>
    <script src="/live2dw/lib/L2Dwidget.min.js"/>
    <script>L2Dwidget.init({"pluginRootPath":"live2dw/","pluginJsPath":"lib/","pluginModelPath":"assets/","tagMode":false,"debug":false,"model":{"jsonPath":"/live2dw/assets/Kobayaxi.model.json"},"display":{"position":"right","width":200,"vOffset":-150},"mobile":{"show":false},"react":{"opacity":1},"log":false});</script>
  </body>
</html>
