<html lang="zh-CN">
  <head>
    <meta charset="UTF-8"/>
    <meta content="width=device-width" name="viewport"/>
    <meta content="#222" name="theme-color"/>
    <meta content="Hexo 7.0.0" name="generator"/>
    <link href="/images/apple-touch-icon-von.png" rel="apple-touch-icon" sizes="180x180"/>
    <link href="/images/von-32x32-next.png" rel="icon" sizes="32x32" type="image/png"/>
    <link href="/images/von-16x16-next.png" rel="icon" sizes="16x16" type="image/png"/>
    <link color="#222" href="/images/apple-touch-icon-von.png" rel="mask-icon"/>
    <link href="/css/main.css" rel="stylesheet"/>
    <link crossorigin="anonymous" href="https://cdnjs.cloudflare.com/ajax/libs/font-awesome/6.4.2/css/all.min.css" integrity="sha256-CTSx/A06dm1B063156EVh15m6Y67pAjZZaQc89LLSrU=" rel="stylesheet"/>
    <link crossorigin="anonymous" href="https://cdnjs.cloudflare.com/ajax/libs/animate.css/3.1.1/animate.min.css" integrity="sha256-PR7ttpcvz8qrF57fur/yAx1qXMFJeJFiA6pSzWi0OIE=" rel="stylesheet"/>
    <script class="next-config" data-name="main" type="application/json">{"hostname":"www.tarikvon.cn","root":"/","images":"/images","scheme":"Pisces","darkmode":false,"version":"8.18.2","exturl":false,"sidebar":{"position":"left","display":"post","padding":18,"offset":12},"copycode":{"enable":false,"style":null},"fold":{"enable":false,"height":500},"bookmark":{"enable":false,"color":"#222","save":"auto"},"mediumzoom":false,"lazyload":false,"pangu":false,"comments":{"style":"tabs","active":null,"storage":true,"lazyload":false,"nav":null},"stickytabs":false,"motion":{"enable":true,"async":false,"transition":{"menu_item":"fadeInDown","post_block":"fadeIn","post_header":"fadeInDown","post_body":"fadeInDown","coll_header":"fadeInLeft","sidebar":"fadeInUp"}},"prism":false,"i18n":{"placeholder":"搜索...","empty":"没有找到任何搜索结果：${query}","hits_time":"找到 ${hits} 个搜索结果（用时 ${time} 毫秒）","hits":"找到 ${hits} 个搜索结果"}}</script>
    <script src="/js/config.js"/>
    <meta content="A note on page redirectsIf you see this page, you were redirected here via the NLP test link in the slide during our group presentation demo. Because running this NLP model takes a lot of computing po" name="description"/>
    <meta content="article" property="og:type"/>
    <meta content="Oops! We have temporarily closed the NLP model service" property="og:title"/>
    <meta content="http://www.tarikvon.cn/2023/12/19/oops/index.html" property="og:url"/>
    <meta content="Von's Blog" property="og:site_name"/>
    <meta content="A note on page redirectsIf you see this page, you were redirected here via the NLP test link in the slide during our group presentation demo. Because running this NLP model takes a lot of computing po" property="og:description"/>
    <meta content="zh_CN" property="og:locale"/>
    <meta content="https://www.tarikvon.cn/images/deployments/20231219091049.png" property="og:image"/>
    <meta content="2023-12-19T01:27:26.000Z" property="article:published_time"/>
    <meta content="2024-02-13T21:34:28.932Z" property="article:modified_time"/>
    <meta content="Tarik Von" property="article:author"/>
    <meta content="Python" property="article:tag"/>
    <meta content="Python3" property="article:tag"/>
    <meta content="github" property="article:tag"/>
    <meta content="NLP" property="article:tag"/>
    <meta content="LSTM" property="article:tag"/>
    <meta content="DeepLearning" property="article:tag"/>
    <meta content="RNN" property="article:tag"/>
    <meta content="summary" name="twitter:card"/>
    <meta content="https://www.tarikvon.cn/images/deployments/20231219091049.png" name="twitter:image"/>
    <link href="http://www.tarikvon.cn/2023/12/19/oops/" rel="canonical"/>
    <script class="next-config" data-name="page" type="application/json">{"sidebar":"","isHome":false,"isPost":true,"lang":"zh-CN","comments":true,"permalink":"http://www.tarikvon.cn/2023/12/19/oops/","path":"2023/12/19/oops/","title":"Oops! We have temporarily closed the NLP model service"}</script>
    <script class="next-config" data-name="calendar" type="application/json">""</script>
    <title>Oops! We have temporarily closed the NLP model service | Von's Blog</title>
    <script src="/js/third-party/analytics/baidu-analytics.js"/>
    <script async="" src="https://hm.baidu.com/hm.js?82f83f20674b422f119ed5514b2b3c7d"/>
    <script async="" src="/lib/fireworks.js"/>
    <noscript>
      <link href="/css/noscript.css" rel="stylesheet"/>
    </noscript>
  </head>
  <body class="use-motion" itemscope="" itemtype="http://schema.org/WebPage">
    <div class="headband"/>
    <main class="main">
      <div class="column">
        <header class="header" itemscope="" itemtype="http://schema.org/WPHeader">
          <div class="site-brand-container">
            <div class="site-nav-toggle">
              <div aria-label="切换导航栏" class="toggle" role="button">
                <span class="toggle-line"/>
                <span class="toggle-line"/>
                <span class="toggle-line"/>
              </div>
            </div>
            <div class="site-meta">
              <a class="brand" href="/" rel="start"> <i class="logo-line"/> <p class="site-title">Von's Blog</p> <i class="logo-line"/> </a>
              <p class="site-subtitle" itemprop="description">冯格列斯酒馆绝赞营业中~</p>
            </div>
            <div class="site-nav-right">
              <div class="toggle popup-trigger" aria-label="搜索" role="button"/>
            </div>
          </div>
          <nav class="site-nav">
            <ul class="main-menu menu">
              <li class="menu-item menu-item-home">
                <a href="/" rel="section"><i class="fa fa-home fa-fw"/>首页</a>
              </li>
              <li class="menu-item menu-item-about">
                <a href="/about/" rel="section"><i class="fa fa-user fa-fw"/>关于</a>
              </li>
              <li class="menu-item menu-item-tags">
                <a href="/tags/" rel="section"><i class="fa fa-tags fa-fw"/>标签</a>
              </li>
              <li class="menu-item menu-item-categories">
                <a href="/categories/" rel="section"><i class="fa fa-th fa-fw"/>分类</a>
              </li>
              <li class="menu-item menu-item-archives">
                <a href="/archives/" rel="section"><i class="fa fa-archive fa-fw"/>归档</a>
              </li>
              <li class="menu-item menu-item-schedule">
                <a href="/schedule/" rel="section"><i class="fa fa-calendar fa-fw"/>日程表</a>
              </li>
              <li class="menu-item menu-item-tools">
                <a href="/tools/" rel="section"><i class="fa fa-toolbox fa-fw"/>工具箱</a>
              </li>
            </ul>
          </nav>
        </header>
        <aside class="sidebar">
          <div class="sidebar-inner sidebar-nav-active sidebar-toc-active">
            <ul class="sidebar-nav">
              <li class="sidebar-nav-toc">文章目录</li>
              <li class="sidebar-nav-overview">站点概览</li>
            </ul>
            <div class="sidebar-panel-container">
              <!--noindex-->
              <div class="post-toc-wrap sidebar-panel">
                <div class="post-toc animated">
                  <ol class="nav">
                    <li class="nav-item nav-level-1">
                      <a class="nav-link" href="#A-note-on-page-redirects"><span class="nav-number">1.</span> <span class="nav-text">A note on page redirects</span></a>
                    </li>
                    <li class="nav-item nav-level-1">
                      <a class="nav-link" href="#Running-screenshots"><span class="nav-number">2.</span> <span class="nav-text">Running screenshots</span></a>
                    </li>
                    <li class="nav-item nav-level-1">
                      <a class="nav-link" href="#Program-Jupyter-Notebook-file-pdf-online-preview"><span class="nav-number">3.</span> <span class="nav-text">Program Jupyter Notebook file pdf online preview</span></a>
                    </li>
                  </ol>
                </div>
              </div>
              <!--/noindex-->
              <div class="site-overview-wrap sidebar-panel">
                <div class="site-author animated" itemprop="author" itemscope="" itemtype="http://schema.org/Person">
                  <img alt="Tarik Von" class="site-author-image" itemprop="image" src="http://q.qlogo.cn/headimg_dl?dst_uin=2758557228&amp;spec=640&amp;img_type=jpg"/>
                  <p class="site-author-name" itemprop="name">Tarik Von</p>
                  <div class="site-description" itemprop="description"/>
                </div>
                <div class="site-state-wrap animated">
                  <nav class="site-state">
                    <div class="site-state-item site-state-posts">
                      <a href="/archives/"> <span class="site-state-item-count">9</span> <span class="site-state-item-name">日志</span> </a>
                    </div>
                    <div class="site-state-item site-state-categories">
                      <a href="/categories/"> <span class="site-state-item-count">5</span> <span class="site-state-item-name">分类</span></a>
                    </div>
                    <div class="site-state-item site-state-tags">
                      <a href="/tags/"> <span class="site-state-item-count">30</span> <span class="site-state-item-name">标签</span></a>
                    </div>
                  </nav>
                </div>
                <div class="links-of-author animated">
                  <span class="links-of-author-item"> <a rel="noopener me" title="GitHub → https://github.com/TarikVon" href="https://github.com/TarikVon" target="_blank"><i class="fab fa-github fa-fw"/>GitHub</a> </span>
                  <span class="links-of-author-item"> <a rel="noopener me" title="Bilibili → https://space.bilibili.com/133633241" href="https://space.bilibili.com/133633241" target="_blank"><i class="fab fa-bilibili fa-fw"/>Bilibili</a> </span>
                  <span class="links-of-author-item"> <a rel="noopener me" title="Twitter → https://twitter.com/Tarik_Von" href="https://twitter.com/Tarik_Von" target="_blank"><i class="fab fa-twitter fa-fw"/>Twitter</a> </span>
                  <span class="links-of-author-item"> <a rel="noopener me" title="YouTube → https://www.youtube.com/@TarikVon" href="https://www.youtube.com/@TarikVon" target="_blank"><i class="fab fa-youtube fa-fw"/>YouTube</a> </span>
                </div>
              </div>
            </div>
            <div>
              <iframe border="0" frameborder="no" height="86" marginheight="0" marginwidth="0" src="https://music.163.com/outchain/player?type=2&amp;id=1398802958&amp;auto=0&amp;height=66" width="330"/>
              <script async="" src="https://rf.revolvermaps.com/0/0/8.js?i=5vuqjbxfa40&amp;m=7&amp;c=ff0000&amp;cr1=ffffff&amp;f=arial&amp;l=33"/>
            </div>
          </div>
        </aside>
      </div>
      <div class="main-inner post posts-expand">
        <div class="post-block">
          <article class="post-content" itemscope="" itemtype="http://schema.org/Article" lang="zh-CN">
            <link href="http://www.tarikvon.cn/2023/12/19/oops/" itemprop="mainEntityOfPage"/>
            <span hidden="" itemprop="author" itemscope="" itemtype="http://schema.org/Person"> <meta content="http://q.qlogo.cn/headimg_dl?dst_uin=2758557228&amp;spec=640&amp;img_type=jpg" itemprop="image"/> <meta content="Tarik Von" itemprop="name"/> </span>
            <span hidden="" itemprop="publisher" itemscope="" itemtype="http://schema.org/Organization"> <meta content="Von's Blog" itemprop="name"/> <meta itemprop="description"/> </span>
            <span hidden="" itemprop="post" itemscope="" itemtype="http://schema.org/CreativeWork"> <meta content="Oops! We have temporarily closed the NLP model service | Von's Blog" itemprop="name"/> <meta itemprop="description"/> </span>
            <header class="post-header">
              <h1 itemprop="name headline" class="post-title">Oops! We have temporarily closed the NLP model service</h1>
              <div class="post-meta-container">
                <div class="post-meta">
                  <span class="post-meta-item"> <span class="post-meta-item-icon"> <i class="far fa-calendar"/> </span> <span class="post-meta-item-text">发表于</span> <time itemprop="dateCreated datePublished" title="创建时间：2023-12-19 09:27:26" datetime="2023-12-19T09:27:26+08:00">2023-12-19</time> </span>
                  <span class="post-meta-item"> <span class="post-meta-item-icon"> <i class="far fa-calendar-check"/> </span> <span class="post-meta-item-text">更新于</span> <time title="修改时间：2024-02-14 05:34:28" datetime="2024-02-14T05:34:28+08:00" itemprop="dateModified">2024-02-14</time> </span>
                  <span class="post-meta-item"> <span class="post-meta-item-icon"> <i class="far fa-folder"/> </span> <span class="post-meta-item-text">分类于</span> <span itemprop="about" itemscope="" itemtype="http://schema.org/Thing"> <a href="/categories/deployments/" itemprop="url" rel="index"><span itemprop="name">deployments</span></a> </span> </span>
                  <span class="post-meta-item" title="本文字数"> <span class="post-meta-item-icon"> <i class="far fa-file-word"/> </span> <span class="post-meta-item-text">本文字数：</span> <span>136</span> </span>
                  <span class="post-meta-item" title="阅读时长"> <span class="post-meta-item-icon"> <i class="far fa-clock"/> </span> <span class="post-meta-item-text">阅读时长 ≈</span> <span>1 分钟</span> </span>
                </div>
              </div>
            </header>
            <div class="post-body" itemprop="articleBody">
              <h1 id="A-note-on-page-redirects"><a title="A note on page redirects" class="headerlink" href="#A-note-on-page-redirects"/>A note on page redirects</h1>
              <p>If you see this page, you were redirected here via the NLP test link in the slide during our group presentation demo.</p>
              <p>Because running this NLP model takes a lot of computing power from our servers, we have temporarily shut down the service.</p>
              <span id="more"/>
              <p>If you would like to test this model, please contact us at <code>320220940211@lzu.edu.cn</code>.</p>
              <p>Of course, we also posted all the files of the model (already trained) to my Github: <a href="https://github.com/TarikVon/nlp" rel="noopener" target="_blank">https://github.com/TarikVon/nlp</a>, you can also clone this repository to experience our model!</p>
              <p>The news test text used in our presentation demo (in order of one true and one false): <a href="https://www.tarikvon.cn/files/news.txt">news.txt</a></p>
              <h1 id="Running-screenshots"><a title="Running screenshots" class="headerlink" href="#Running-screenshots"/>Running screenshots</h1>
              <img src="https://www.tarikvon.cn/images/deployments/20231219091049.png" width="50%"/>
              <h1 id="Program-Jupyter-Notebook-file-pdf-online-preview"><a title="Program Jupyter Notebook file pdf online preview" class="headerlink" href="#Program-Jupyter-Notebook-file-pdf-online-preview"/>Program Jupyter Notebook file pdf online preview</h1>
              <p>
                <a href="https://www.tarikvon.cn/files/Fake%20News%20Detection%20Analysis%20-%20LSTM%20Classification.pdf">Fake News Detection Analysis - LSTM Classification.pdf</a>
              </p>
            </div>
            <footer class="post-footer">
              <div class="reward-container">
                <div>我很可爱，请给我钱！</div>
                <button>赞赏</button>
                <div class="post-reward">
                  <div>
                    <img alt="Tarik Von 微信" src="/images/wechatpay.png"/>
                    <span>微信</span>
                  </div>
                </div>
              </div>
              <div class="post-tags">
                <a href="/tags/Python/" rel="tag"># Python</a>
                <a href="/tags/Python3/" rel="tag"># Python3</a>
                <a href="/tags/github/" rel="tag"># github</a>
                <a href="/tags/NLP/" rel="tag"># NLP</a>
                <a href="/tags/LSTM/" rel="tag"># LSTM</a>
                <a href="/tags/DeepLearning/" rel="tag"># DeepLearning</a>
                <a href="/tags/RNN/" rel="tag"># RNN</a>
              </div>
              <div class="post-nav">
                <div class="post-nav-item">
                  <a title="😋 What to Eat Today?" href="/2023/12/14/what2eat/" rel="prev"> <i class="fa fa-angle-left"/> 😋 What to Eat Today? </a>
                </div>
                <div class="post-nav-item">
                  <a title="折腾日志 #1：利用树莓派搭建一个 NAS 服务器" href="/2024/02/14/techLog-2024-02-14/" rel="next"> 折腾日志 #1：利用树莓派搭建一个 NAS 服务器 <i class="fa fa-angle-right"/> </a>
                </div>
              </div>
            </footer>
          </article>
        </div>
      </div>
    </main>
    <footer class="footer">
      <div class="footer-inner">
        <div class="copyright">© <span itemprop="copyrightYear">2024</span><span class="with-love"> <i class="fa fa-heart"/> </span><span class="author" itemprop="copyrightHolder">Tarik Von</span></div>
        <div class="wordcount">
          <span class="post-meta-item"> <span class="post-meta-item-icon"> <i class="fa fa-chart-line"/> </span> <span title="站点总字数">6k</span> </span>
          <span class="post-meta-item"> <span class="post-meta-item-icon"> <i class="fa fa-coffee"/> </span> <span title="站点阅读时长">21 分钟</span> </span>
        </div>
        <div class="powered-by">由 <a href="https://www.tarikvon.cn:8001/">Hexo</a> &amp; <a href="https://theme-next.js.org/pisces/" rel="noopener" target="_blank">NexT.Pisces</a> 强力驱动</div>
        <script color="126,0,255" count="99" opacity="0.5" src="/lib/theme-next-canvas-nest/canvas-nest.js" zindex="-1"/>
      </div>
    </footer>
    <div aria-label="返回顶部" class="back-to-top" role="button">
      <i class="fa fa-arrow-up fa-lg"/>
      <span>0%</span>
    </div>
    <div class="reading-progress-bar"/>
    <noscript>
      <div class="noscript-warning">Theme NexT works best with JavaScript enabled</div>
    </noscript>
    <script alpha="0.6" size="300" src="https://cdnjs.cloudflare.com/ajax/libs/ribbon.js/1.0.2/ribbon.min.js" zindex="-1"/>
    <script crossorigin="anonymous" integrity="sha256-XL2inqUJaslATFnHdJOi9GfQ60on8Wx1C2H8DYiN1xY=" src="https://cdnjs.cloudflare.com/ajax/libs/animejs/3.2.1/anime.min.js"/>
    <script crossorigin="anonymous" integrity="sha256-vxLn1tSKWD4dqbMRyv940UYw4sXgMtYcK6reefzZrao=" src="https://cdnjs.cloudflare.com/ajax/libs/next-theme-pjax/0.6.0/pjax.min.js"/>
    <script src="/js/comments.js"/>
    <script src="/js/utils.js"/>
    <script src="/js/motion.js"/>
    <script src="/js/next-boot.js"/>
    <script src="/js/pjax.js"/>
    <script src="/live2dw/lib/L2Dwidget.min.js"/>
    <script>L2Dwidget.init({"pluginRootPath":"live2dw/","pluginJsPath":"lib/","pluginModelPath":"assets/","tagMode":false,"debug":false,"model":{"jsonPath":"/live2dw/assets/Kobayaxi.model.json"},"display":{"position":"right","width":200,"vOffset":-150},"mobile":{"show":false},"react":{"opacity":1},"log":false});</script>
  </body>
</html>
