<html lang="zh-CN">
  <head>
    <meta charset="UTF-8"/>
    <meta content="width=device-width" name="viewport"/>
    <meta content="#222" name="theme-color"/>
    <meta content="Hexo 7.0.0" name="generator"/>
    <link href="/images/apple-touch-icon-von.png" rel="apple-touch-icon" sizes="180x180"/>
    <link href="/images/von-32x32-next.png" rel="icon" sizes="32x32" type="image/png"/>
    <link href="/images/von-16x16-next.png" rel="icon" sizes="16x16" type="image/png"/>
    <link color="#222" href="/images/apple-touch-icon-von.png" rel="mask-icon"/>
    <link href="/css/main.css" rel="stylesheet"/>
    <link crossorigin="anonymous" href="https://cdnjs.cloudflare.com/ajax/libs/font-awesome/6.4.2/css/all.min.css" integrity="sha256-CTSx/A06dm1B063156EVh15m6Y67pAjZZaQc89LLSrU=" rel="stylesheet"/>
    <link crossorigin="anonymous" href="https://cdnjs.cloudflare.com/ajax/libs/animate.css/3.1.1/animate.min.css" integrity="sha256-PR7ttpcvz8qrF57fur/yAx1qXMFJeJFiA6pSzWi0OIE=" rel="stylesheet"/>
    <script class="next-config" data-name="main" type="application/json">{"hostname":"www.tarikvon.cn","root":"/","images":"/images","scheme":"Pisces","darkmode":false,"version":"8.18.2","exturl":false,"sidebar":{"position":"left","display":"post","padding":18,"offset":12},"copycode":{"enable":false,"style":null},"fold":{"enable":false,"height":500},"bookmark":{"enable":false,"color":"#222","save":"auto"},"mediumzoom":false,"lazyload":false,"pangu":false,"comments":{"style":"tabs","active":null,"storage":true,"lazyload":false,"nav":null},"stickytabs":false,"motion":{"enable":true,"async":false,"transition":{"menu_item":"fadeInDown","post_block":"fadeIn","post_header":"fadeInDown","post_body":"fadeInDown","coll_header":"fadeInLeft","sidebar":"fadeInUp"}},"prism":false,"i18n":{"placeholder":"搜索...","empty":"没有找到任何搜索结果：${query}","hits_time":"找到 ${hits} 个搜索结果（用时 ${time} 毫秒）","hits":"找到 ${hits} 个搜索结果"}}</script>
    <script src="/js/config.js"/>
    <meta content=" ChatGPT（无需代理）            Poe             MOOC            神秘功能（维护中...）             学习通 - 个人空间            兰州大学个人工作台               Z-L" name="description"/>
    <meta content="website" property="og:type"/>
    <meta content="一些实用小工具~" property="og:title"/>
    <meta content="http://www.tarikvon.cn/tools/index.html" property="og:url"/>
    <meta content="Von's Blog" property="og:site_name"/>
    <meta content=" ChatGPT（无需代理）            Poe             MOOC            神秘功能（维护中...）             学习通 - 个人空间            兰州大学个人工作台               Z-L" property="og:description"/>
    <meta content="zh_CN" property="og:locale"/>
    <meta content="2024-06-02T05:11:54.593Z" property="article:published_time"/>
    <meta content="2024-06-02T05:11:54.593Z" property="article:modified_time"/>
    <meta content="Tarik Von" property="article:author"/>
    <meta content="summary" name="twitter:card"/>
    <link href="http://www.tarikvon.cn/tools/" rel="canonical"/>
    <script class="next-config" data-name="page" type="application/json">{"sidebar":"","isHome":false,"isPost":false,"lang":"zh-CN","comments":true,"permalink":"http://www.tarikvon.cn/tools/index.html","path":"tools/index.html","title":"一些实用小工具~"}</script>
    <script class="next-config" data-name="calendar" type="application/json">""</script>
    <title>一些实用小工具~ | Von's Blog </title>
    <script src="/js/third-party/analytics/baidu-analytics.js"/>
    <script async="" src="https://hm.baidu.com/hm.js?82f83f20674b422f119ed5514b2b3c7d"/>
    <script async="" src="/lib/fireworks.js"/>
    <noscript>
      <link href="/css/noscript.css" rel="stylesheet"/>
    </noscript>
  </head>
  <body class="use-motion" itemscope="" itemtype="http://schema.org/WebPage">
    <div class="headband"/>
    <main class="main">
      <div class="column">
        <header class="header" itemscope="" itemtype="http://schema.org/WPHeader">
          <div class="site-brand-container">
            <div class="site-nav-toggle">
              <div aria-label="切换导航栏" class="toggle" role="button">
                <span class="toggle-line"/>
                <span class="toggle-line"/>
                <span class="toggle-line"/>
              </div>
            </div>
            <div class="site-meta">
              <a class="brand" href="/" rel="start"> <i class="logo-line"/> <p class="site-title">Von's Blog</p> <i class="logo-line"/> </a>
              <p class="site-subtitle" itemprop="description">冯格列斯酒馆绝赞营业中~</p>
            </div>
            <div class="site-nav-right">
              <div class="toggle popup-trigger" aria-label="搜索" role="button"/>
            </div>
          </div>
          <nav class="site-nav">
            <ul class="main-menu menu">
              <li class="menu-item menu-item-home">
                <a href="/" rel="section"><i class="fa fa-home fa-fw"/>首页</a>
              </li>
              <li class="menu-item menu-item-about">
                <a href="/about/" rel="section"><i class="fa fa-user fa-fw"/>关于</a>
              </li>
              <li class="menu-item menu-item-tags">
                <a href="/tags/" rel="section"><i class="fa fa-tags fa-fw"/>标签</a>
              </li>
              <li class="menu-item menu-item-categories">
                <a href="/categories/" rel="section"><i class="fa fa-th fa-fw"/>分类</a>
              </li>
              <li class="menu-item menu-item-archives">
                <a href="/archives/" rel="section"><i class="fa fa-archive fa-fw"/>归档</a>
              </li>
              <li class="menu-item menu-item-schedule">
                <a href="/schedule/" rel="section"><i class="fa fa-calendar fa-fw"/>日程表</a>
              </li>
              <li class="menu-item menu-item-tools">
                <a href="/tools/" rel="section"><i class="fa fa-toolbox fa-fw"/>工具箱</a>
              </li>
            </ul>
          </nav>
        </header>
        <aside class="sidebar">
          <div class="sidebar-inner sidebar-overview-active">
            <ul class="sidebar-nav">
              <li class="sidebar-nav-toc">文章目录</li>
              <li class="sidebar-nav-overview">站点概览</li>
            </ul>
            <div class="sidebar-panel-container">
              <!--noindex-->
              <div class="post-toc-wrap sidebar-panel"/>
              <!--/noindex-->
              <div class="site-overview-wrap sidebar-panel">
                <div class="site-author animated" itemprop="author" itemscope="" itemtype="http://schema.org/Person">
                  <img alt="Tarik Von" class="site-author-image" itemprop="image" src="http://q.qlogo.cn/headimg_dl?dst_uin=2758557228&amp;spec=640&amp;img_type=jpg"/>
                  <p class="site-author-name" itemprop="name">Tarik Von</p>
                  <div class="site-description" itemprop="description"/>
                </div>
                <div class="site-state-wrap animated">
                  <nav class="site-state">
                    <div class="site-state-item site-state-posts">
                      <a href="/archives/"> <span class="site-state-item-count">9</span> <span class="site-state-item-name">日志</span> </a>
                    </div>
                    <div class="site-state-item site-state-categories">
                      <a href="/categories/"> <span class="site-state-item-count">5</span> <span class="site-state-item-name">分类</span></a>
                    </div>
                    <div class="site-state-item site-state-tags">
                      <a href="/tags/"> <span class="site-state-item-count">30</span> <span class="site-state-item-name">标签</span></a>
                    </div>
                  </nav>
                </div>
                <div class="links-of-author animated">
                  <span class="links-of-author-item"> <a rel="noopener me" title="GitHub → https://github.com/TarikVon" href="https://github.com/TarikVon" target="_blank"><i class="fab fa-github fa-fw"/>GitHub</a> </span>
                  <span class="links-of-author-item"> <a rel="noopener me" title="Bilibili → https://space.bilibili.com/133633241" href="https://space.bilibili.com/133633241" target="_blank"><i class="fab fa-bilibili fa-fw"/>Bilibili</a> </span>
                  <span class="links-of-author-item"> <a rel="noopener me" title="Twitter → https://twitter.com/Tarik_Von" href="https://twitter.com/Tarik_Von" target="_blank"><i class="fab fa-twitter fa-fw"/>Twitter</a> </span>
                  <span class="links-of-author-item"> <a rel="noopener me" title="YouTube → https://www.youtube.com/@TarikVon" href="https://www.youtube.com/@TarikVon" target="_blank"><i class="fab fa-youtube fa-fw"/>YouTube</a> </span>
                </div>
              </div>
            </div>
            <div>
              <iframe border="0" frameborder="no" height="86" marginheight="0" marginwidth="0" src="https://music.163.com/outchain/player?type=2&amp;id=1398802958&amp;auto=0&amp;height=66" width="330"/>
              <script async="" src="https://rf.revolvermaps.com/0/0/8.js?i=5vuqjbxfa40&amp;m=7&amp;c=ff0000&amp;cr1=ffffff&amp;f=arial&amp;l=33"/>
            </div>
          </div>
        </aside>
      </div>
      <div class="main-inner page posts-expand">
        <div class="post-block" lang="zh-CN">
          <header class="post-header">
            <h1 itemprop="name headline" class="post-title">一些实用小工具~</h1>
            <div class="post-meta-container"/>
          </header>
          <div class="post-body">
            <ul>
              <li>
                <a href="https://www.tarikvon.cn:8003"><i class="fas fa-comment-dots"/> ChatGPT（无需代理）</a>
              </li>
              <li>
                <a href="https://poe.com" rel="noopener" target="_blank"><i class="fas fa-comment-alt"/> Poe</a>
              </li>
              <li>
                <a href="https://www.tarikvon.cn:8001"><i class="fas fa-chalkboard-teacher"/>  MOOC</a>
              </li>
              <li>
                <a href="https://www.tarikvon.cn:8002"><i class="fas fa-sign-in"/> 神秘功能（维护中...）</a>
              </li>
              <li>
                <a href="https://i.chaoxing.com" rel="noopener" target="_blank"><i class="fas fa-graduation-cap"/>  学习通 - 个人空间</a>
              </li>
              <li>
                <a href="https://my.lzu.edu.cn/mylzu/home" rel="noopener" target="_blank"><i class="fas fa-tools"/> 兰州大学个人工作台</a>
              </li>
              <li>
                <a href="https://zh.singlelogin.se" rel="noopener" target="_blank"><i class="fas fa-book"/>    Z-Library</a>
              </li>
              <li>
                <a href="https://www.zhihuishu.com/" rel="noopener" target="_blank"><i class="fas fa-tree"/>   智慧树网</a>
              </li>
              <li>
                <a href="http://tarikvon.cn:8004" rel="noopener" target="_blank"><i class="fas fa-filter"/> NLP新闻真实性分类器 - 课堂展示</a>
              </li>
            </ul>
          </div>
        </div>
      </div>
    </main>
    <footer class="footer">
      <div class="footer-inner">
        <div class="copyright">© <span itemprop="copyrightYear">2024</span><span class="with-love"> <i class="fa fa-heart"/> </span><span class="author" itemprop="copyrightHolder">Tarik Von</span></div>
        <div class="wordcount">
          <span class="post-meta-item"> <span class="post-meta-item-icon"> <i class="fa fa-chart-line"/> </span> <span title="站点总字数">6k</span> </span>
          <span class="post-meta-item"> <span class="post-meta-item-icon"> <i class="fa fa-coffee"/> </span> <span title="站点阅读时长">21 分钟</span> </span>
        </div>
        <div class="powered-by">由 <a href="https://www.tarikvon.cn:8001/">Hexo</a> &amp; <a href="https://theme-next.js.org/pisces/" rel="noopener" target="_blank">NexT.Pisces</a> 强力驱动</div>
        <script color="126,0,255" count="99" opacity="0.5" src="/lib/theme-next-canvas-nest/canvas-nest.js" zindex="-1"/>
      </div>
    </footer>
    <div aria-label="返回顶部" class="back-to-top" role="button">
      <i class="fa fa-arrow-up fa-lg"/>
      <span>0%</span>
    </div>
    <div class="reading-progress-bar"/>
    <noscript>
      <div class="noscript-warning">Theme NexT works best with JavaScript enabled</div>
    </noscript>
    <script alpha="0.6" size="300" src="https://cdnjs.cloudflare.com/ajax/libs/ribbon.js/1.0.2/ribbon.min.js" zindex="-1"/>
    <script crossorigin="anonymous" integrity="sha256-XL2inqUJaslATFnHdJOi9GfQ60on8Wx1C2H8DYiN1xY=" src="https://cdnjs.cloudflare.com/ajax/libs/animejs/3.2.1/anime.min.js"/>
    <script crossorigin="anonymous" integrity="sha256-vxLn1tSKWD4dqbMRyv940UYw4sXgMtYcK6reefzZrao=" src="https://cdnjs.cloudflare.com/ajax/libs/next-theme-pjax/0.6.0/pjax.min.js"/>
    <script src="/js/comments.js"/>
    <script src="/js/utils.js"/>
    <script src="/js/motion.js"/>
    <script src="/js/next-boot.js"/>
    <script src="/js/pjax.js"/>
    <script src="/live2dw/lib/L2Dwidget.min.js"/>
    <script>L2Dwidget.init({"pluginRootPath":"live2dw/","pluginJsPath":"lib/","pluginModelPath":"assets/","tagMode":false,"debug":false,"model":{"jsonPath":"/live2dw/assets/Kobayaxi.model.json"},"display":{"position":"right","width":200,"vOffset":-150},"mobile":{"show":false},"react":{"opacity":1},"log":false});</script>
  </body>
</html>
