<html lang="zh-CN">
  <head>
    <meta charset="UTF-8"/>
    <meta content="width=device-width" name="viewport"/>
    <meta content="#222" name="theme-color"/>
    <meta content="Hexo 7.0.0" name="generator"/>
    <link href="/images/apple-touch-icon-von.png" rel="apple-touch-icon" sizes="180x180"/>
    <link href="/images/von-32x32-next.png" rel="icon" sizes="32x32" type="image/png"/>
    <link href="/images/von-16x16-next.png" rel="icon" sizes="16x16" type="image/png"/>
    <link color="#222" href="/images/apple-touch-icon-von.png" rel="mask-icon"/>
    <link href="/css/main.css" rel="stylesheet"/>
    <link crossorigin="anonymous" href="https://cdnjs.cloudflare.com/ajax/libs/font-awesome/6.4.2/css/all.min.css" integrity="sha256-CTSx/A06dm1B063156EVh15m6Y67pAjZZaQc89LLSrU=" rel="stylesheet"/>
    <link crossorigin="anonymous" href="https://cdnjs.cloudflare.com/ajax/libs/animate.css/3.1.1/animate.min.css" integrity="sha256-PR7ttpcvz8qrF57fur/yAx1qXMFJeJFiA6pSzWi0OIE=" rel="stylesheet"/>
    <script class="next-config" data-name="main" type="application/json">{"hostname":"www.tarikvon.cn","root":"/","images":"/images","scheme":"Pisces","darkmode":false,"version":"8.18.2","exturl":false,"sidebar":{"position":"left","display":"post","padding":18,"offset":12},"copycode":{"enable":false,"style":null},"fold":{"enable":false,"height":500},"bookmark":{"enable":false,"color":"#222","save":"auto"},"mediumzoom":false,"lazyload":false,"pangu":false,"comments":{"style":"tabs","active":null,"storage":true,"lazyload":false,"nav":null},"stickytabs":false,"motion":{"enable":true,"async":false,"transition":{"menu_item":"fadeInDown","post_block":"fadeIn","post_header":"fadeInDown","post_body":"fadeInDown","coll_header":"fadeInLeft","sidebar":"fadeInUp"}},"prism":false,"i18n":{"placeholder":"搜索...","empty":"没有找到任何搜索结果：${query}","hits_time":"找到 ${hits} 个搜索结果（用时 ${time} 毫秒）","hits":"找到 ${hits} 个搜索结果"}}</script>
    <script src="/js/config.js"/>
    <meta content="MIPS（Microprocessor without Interlocked Pipeline Stages）是一种广泛应用于计算机体系结构课程和嵌入式系统开发中的指令集架构。本文将提供一张详细的表格，展示 MIPS 指令集的一览表，帮助读者更好地理解每条指令的格式及其使用方法。" name="description"/>
    <meta content="article" property="og:type"/>
    <meta content="MIPS精简指令集一览表（共31条）" property="og:title"/>
    <meta content="http://www.tarikvon.cn/2024/05/25/MIPS/index.html" property="og:url"/>
    <meta content="Von's Blog" property="og:site_name"/>
    <meta content="MIPS（Microprocessor without Interlocked Pipeline Stages）是一种广泛应用于计算机体系结构课程和嵌入式系统开发中的指令集架构。本文将提供一张详细的表格，展示 MIPS 指令集的一览表，帮助读者更好地理解每条指令的格式及其使用方法。" property="og:description"/>
    <meta content="zh_CN" property="og:locale"/>
    <meta content="2024-05-25T14:11:49.000Z" property="article:published_time"/>
    <meta content="2024-05-25T14:20:12.908Z" property="article:modified_time"/>
    <meta content="Tarik Von" property="article:author"/>
    <meta content="MIPS" property="article:tag"/>
    <meta content="Assembly" property="article:tag"/>
    <meta content="Architecture" property="article:tag"/>
    <meta content="Programming" property="article:tag"/>
    <meta content="CPU" property="article:tag"/>
    <meta content="summary" name="twitter:card"/>
    <link href="http://www.tarikvon.cn/2024/05/25/MIPS/" rel="canonical"/>
    <script class="next-config" data-name="page" type="application/json">{"sidebar":"","isHome":false,"isPost":true,"lang":"zh-CN","comments":true,"permalink":"http://www.tarikvon.cn/2024/05/25/MIPS/","path":"2024/05/25/MIPS/","title":"MIPS精简指令集一览表（共31条）"}</script>
    <script class="next-config" data-name="calendar" type="application/json">""</script>
    <title>MIPS精简指令集一览表（共31条） | Von's Blog</title>
    <script src="/js/third-party/analytics/baidu-analytics.js"/>
    <script async="" src="https://hm.baidu.com/hm.js?82f83f20674b422f119ed5514b2b3c7d"/>
    <script async="" src="/lib/fireworks.js"/>
    <noscript>
      <link href="/css/noscript.css" rel="stylesheet"/>
    </noscript>
  </head>
  <body class="use-motion" itemscope="" itemtype="http://schema.org/WebPage">
    <div class="headband"/>
    <main class="main">
      <div class="column">
        <header class="header" itemscope="" itemtype="http://schema.org/WPHeader">
          <div class="site-brand-container">
            <div class="site-nav-toggle">
              <div aria-label="切换导航栏" class="toggle" role="button">
                <span class="toggle-line"/>
                <span class="toggle-line"/>
                <span class="toggle-line"/>
              </div>
            </div>
            <div class="site-meta">
              <a class="brand" href="/" rel="start"> <i class="logo-line"/> <p class="site-title">Von's Blog</p> <i class="logo-line"/> </a>
              <p class="site-subtitle" itemprop="description">冯格列斯酒馆绝赞营业中~</p>
            </div>
            <div class="site-nav-right">
              <div class="toggle popup-trigger" aria-label="搜索" role="button"/>
            </div>
          </div>
          <nav class="site-nav">
            <ul class="main-menu menu">
              <li class="menu-item menu-item-home">
                <a href="/" rel="section"><i class="fa fa-home fa-fw"/>首页</a>
              </li>
              <li class="menu-item menu-item-about">
                <a href="/about/" rel="section"><i class="fa fa-user fa-fw"/>关于</a>
              </li>
              <li class="menu-item menu-item-tags">
                <a href="/tags/" rel="section"><i class="fa fa-tags fa-fw"/>标签</a>
              </li>
              <li class="menu-item menu-item-categories">
                <a href="/categories/" rel="section"><i class="fa fa-th fa-fw"/>分类</a>
              </li>
              <li class="menu-item menu-item-archives">
                <a href="/archives/" rel="section"><i class="fa fa-archive fa-fw"/>归档</a>
              </li>
              <li class="menu-item menu-item-schedule">
                <a href="/schedule/" rel="section"><i class="fa fa-calendar fa-fw"/>日程表</a>
              </li>
              <li class="menu-item menu-item-tools">
                <a href="/tools/" rel="section"><i class="fa fa-toolbox fa-fw"/>工具箱</a>
              </li>
            </ul>
          </nav>
        </header>
        <aside class="sidebar">
          <div class="sidebar-inner sidebar-overview-active">
            <ul class="sidebar-nav">
              <li class="sidebar-nav-toc">文章目录</li>
              <li class="sidebar-nav-overview">站点概览</li>
            </ul>
            <div class="sidebar-panel-container">
              <!--noindex-->
              <div class="post-toc-wrap sidebar-panel"/>
              <!--/noindex-->
              <div class="site-overview-wrap sidebar-panel">
                <div class="site-author animated" itemprop="author" itemscope="" itemtype="http://schema.org/Person">
                  <img alt="Tarik Von" class="site-author-image" itemprop="image" src="http://q.qlogo.cn/headimg_dl?dst_uin=2758557228&amp;spec=640&amp;img_type=jpg"/>
                  <p class="site-author-name" itemprop="name">Tarik Von</p>
                  <div class="site-description" itemprop="description"/>
                </div>
                <div class="site-state-wrap animated">
                  <nav class="site-state">
                    <div class="site-state-item site-state-posts">
                      <a href="/archives/"> <span class="site-state-item-count">9</span> <span class="site-state-item-name">日志</span> </a>
                    </div>
                    <div class="site-state-item site-state-categories">
                      <a href="/categories/"> <span class="site-state-item-count">5</span> <span class="site-state-item-name">分类</span></a>
                    </div>
                    <div class="site-state-item site-state-tags">
                      <a href="/tags/"> <span class="site-state-item-count">30</span> <span class="site-state-item-name">标签</span></a>
                    </div>
                  </nav>
                </div>
                <div class="links-of-author animated">
                  <span class="links-of-author-item"> <a rel="noopener me" title="GitHub → https://github.com/TarikVon" href="https://github.com/TarikVon" target="_blank"><i class="fab fa-github fa-fw"/>GitHub</a> </span>
                  <span class="links-of-author-item"> <a rel="noopener me" title="Bilibili → https://space.bilibili.com/133633241" href="https://space.bilibili.com/133633241" target="_blank"><i class="fab fa-bilibili fa-fw"/>Bilibili</a> </span>
                  <span class="links-of-author-item"> <a rel="noopener me" title="Twitter → https://twitter.com/Tarik_Von" href="https://twitter.com/Tarik_Von" target="_blank"><i class="fab fa-twitter fa-fw"/>Twitter</a> </span>
                  <span class="links-of-author-item"> <a rel="noopener me" title="YouTube → https://www.youtube.com/@TarikVon" href="https://www.youtube.com/@TarikVon" target="_blank"><i class="fab fa-youtube fa-fw"/>YouTube</a> </span>
                </div>
              </div>
            </div>
            <div>
              <iframe border="0" frameborder="no" height="86" marginheight="0" marginwidth="0" src="https://music.163.com/outchain/player?type=2&amp;id=1398802958&amp;auto=0&amp;height=66" width="330"/>
              <script async="" src="https://rf.revolvermaps.com/0/0/8.js?i=5vuqjbxfa40&amp;m=7&amp;c=ff0000&amp;cr1=ffffff&amp;f=arial&amp;l=33"/>
            </div>
          </div>
        </aside>
      </div>
      <div class="main-inner post posts-expand">
        <div class="post-block">
          <article class="post-content" itemscope="" itemtype="http://schema.org/Article" lang="zh-CN">
            <link href="http://www.tarikvon.cn/2024/05/25/MIPS/" itemprop="mainEntityOfPage"/>
            <span hidden="" itemprop="author" itemscope="" itemtype="http://schema.org/Person"> <meta content="http://q.qlogo.cn/headimg_dl?dst_uin=2758557228&amp;spec=640&amp;img_type=jpg" itemprop="image"/> <meta content="Tarik Von" itemprop="name"/> </span>
            <span hidden="" itemprop="publisher" itemscope="" itemtype="http://schema.org/Organization"> <meta content="Von's Blog" itemprop="name"/> <meta itemprop="description"/> </span>
            <span hidden="" itemprop="post" itemscope="" itemtype="http://schema.org/CreativeWork"> <meta content="MIPS精简指令集一览表（共31条） | Von's Blog" itemprop="name"/> <meta itemprop="description"/> </span>
            <header class="post-header">
              <h1 itemprop="name headline" class="post-title">MIPS精简指令集一览表（共31条）</h1>
              <div class="post-meta-container">
                <div class="post-meta">
                  <span class="post-meta-item"> <span class="post-meta-item-icon"> <i class="far fa-calendar"/> </span> <span class="post-meta-item-text">发表于</span> <time itemprop="dateCreated datePublished" title="创建时间：2024-05-25 22:11:49 / 修改时间：22:20:12" datetime="2024-05-25T22:11:49+08:00">2024-05-25</time> </span>
                  <span class="post-meta-item"> <span class="post-meta-item-icon"> <i class="far fa-folder"/> </span> <span class="post-meta-item-text">分类于</span> <span itemprop="about" itemscope="" itemtype="http://schema.org/Thing"> <a href="/categories/notes/" itemprop="url" rel="index"><span itemprop="name">notes</span></a> </span> </span>
                  <span class="post-meta-item" title="本文字数"> <span class="post-meta-item-icon"> <i class="far fa-file-word"/> </span> <span class="post-meta-item-text">本文字数：</span> <span>1.6k</span> </span>
                  <span class="post-meta-item" title="阅读时长"> <span class="post-meta-item-icon"> <i class="far fa-clock"/> </span> <span class="post-meta-item-text">阅读时长 ≈</span> <span>6 分钟</span> </span>
                </div>
              </div>
            </header>
            <div class="post-body" itemprop="articleBody">
              <p>MIPS（Microprocessor without Interlocked Pipeline Stages）是一种广泛应用于计算机体系结构课程和嵌入式系统开发中的指令集架构。本文将提供一张详细的表格，展示 MIPS 指令集的一览表，帮助读者更好地理解每条指令的格式及其使用方法。</p>
              <span id="more"/>
              <table border="1">
                <tr>
                  <th align="center">助记符</th>
                  <th align="center" colspan="6">指令格式</th>
                  <th align="center">使用样例</th>
                </tr>
                <tr>
                  <th align="center">Bit #</th>
                  <th align="center">31..26</th>
                  <th align="center">25..21</th>
                  <th align="center">20..16</th>
                  <th align="center">15..11</th>
                  <th align="center">10..6</th>
                  <th align="center">5..0</th>
                  <th align="center"/>
                </tr>
                <tr>
                  <th align="center">R型指令</th>
                  <th align="center">op</th>
                  <th align="center">rs</th>
                  <th align="center">rt</th>
                  <th align="center">rd</th>
                  <th align="center">shamt</th>
                  <th align="center">func</th>
                  <th align="center"/>
                </tr>
                <tr>
                  <td align="center">add</td>
                  <td align="center">000000</td>
                  <td align="center">rs</td>
                  <td align="center">rt</td>
                  <td align="center">rd</td>
                  <td align="center">0</td>
                  <td align="center">100000</td>
                  <td align="center">add $t1, $t2, $t3</td>
                </tr>
                <tr>
                  <td align="center">addu</td>
                  <td align="center">000000</td>
                  <td align="center">rs</td>
                  <td align="center">rt</td>
                  <td align="center">rd</td>
                  <td align="center">0</td>
                  <td align="center">100001</td>
                  <td align="center">addu $t1, $t2, $t3</td>
                </tr>
                <tr>
                  <td align="center">sub</td>
                  <td align="center">000000</td>
                  <td align="center">rs</td>
                  <td align="center">rt</td>
                  <td align="center">rd</td>
                  <td align="center">0</td>
                  <td align="center">100010</td>
                  <td align="center">sub $t1, $t2, $t3</td>
                </tr>
                <tr>
                  <td align="center">subu</td>
                  <td align="center">000000</td>
                  <td align="center">rs</td>
                  <td align="center">rt</td>
                  <td align="center">rd</td>
                  <td align="center">0</td>
                  <td align="center">100011</td>
                  <td align="center">subu $t1, $t2, $t3</td>
                </tr>
                <tr>
                  <td align="center">and</td>
                  <td align="center">000000</td>
                  <td align="center">rs</td>
                  <td align="center">rt</td>
                  <td align="center">rd</td>
                  <td align="center">0</td>
                  <td align="center">100100</td>
                  <td align="center">and $t1, $t2, $t3</td>
                </tr>
                <tr>
                  <td align="center">or</td>
                  <td align="center">000000</td>
                  <td align="center">rs</td>
                  <td align="center">rt</td>
                  <td align="center">rd</td>
                  <td align="center">0</td>
                  <td align="center">100101</td>
                  <td align="center">or $t1, $t2, $t3</td>
                </tr>
                <tr>
                  <td align="center">xor</td>
                  <td align="center">000000</td>
                  <td align="center">rs</td>
                  <td align="center">rt</td>
                  <td align="center">rd</td>
                  <td align="center">0</td>
                  <td align="center">100110</td>
                  <td align="center">xor $t1, $t2, $t3</td>
                </tr>
                <tr>
                  <td align="center">nor</td>
                  <td align="center">000000</td>
                  <td align="center">rs</td>
                  <td align="center">rt</td>
                  <td align="center">rd</td>
                  <td align="center">0</td>
                  <td align="center">100111</td>
                  <td align="center">nor $t1, $t2, $t3</td>
                </tr>
                <tr>
                  <td align="center">slt</td>
                  <td align="center">000000</td>
                  <td align="center">rs</td>
                  <td align="center">rt</td>
                  <td align="center">rd</td>
                  <td align="center">0</td>
                  <td align="center">101010</td>
                  <td align="center">slt $t1, $t2, $t3</td>
                </tr>
                <tr>
                  <td align="center">sltu</td>
                  <td align="center">000000</td>
                  <td align="center">rs</td>
                  <td align="center">rt</td>
                  <td align="center">rd</td>
                  <td align="center">0</td>
                  <td align="center">101011</td>
                  <td align="center">sltu $t1, $t2, $t3</td>
                </tr>
                <tr>
                  <td align="center">sll</td>
                  <td align="center">000000</td>
                  <td align="center">00000</td>
                  <td align="center">rt</td>
                  <td align="center">rd</td>
                  <td align="center">shamt</td>
                  <td align="center">000000</td>
                  <td align="center">sll $t1, $t2, 10</td>
                </tr>
                <tr>
                  <td align="center">srl</td>
                  <td align="center">000000</td>
                  <td align="center">00000</td>
                  <td align="center">rt</td>
                  <td align="center">rd</td>
                  <td align="center">shamt</td>
                  <td align="center">000010</td>
                  <td align="center">srl $t1, $t2, 10</td>
                </tr>
                <tr>
                  <td align="center">sra</td>
                  <td align="center">000000</td>
                  <td align="center">00000</td>
                  <td align="center">rt</td>
                  <td align="center">rd</td>
                  <td align="center">shamt</td>
                  <td align="center">000011</td>
                  <td align="center">sra $t1, $t2, 10</td>
                </tr>
                <tr>
                  <td align="center">sllv</td>
                  <td align="center">000000</td>
                  <td align="center">rs</td>
                  <td align="center">rt</td>
                  <td align="center">rd</td>
                  <td align="center">0</td>
                  <td align="center">000100</td>
                  <td align="center">sllv $t1, $t2, $t3</td>
                </tr>
                <tr>
                  <td align="center">srlv</td>
                  <td align="center">000000</td>
                  <td align="center">rs</td>
                  <td align="center">rt</td>
                  <td align="center">rd</td>
                  <td align="center">0</td>
                  <td align="center">000110</td>
                  <td align="center">srlv $t1, $t2, $t3</td>
                </tr>
                <tr>
                  <td align="center">srav</td>
                  <td align="center">000000</td>
                  <td align="center">rs</td>
                  <td align="center">rt</td>
                  <td align="center">rd</td>
                  <td align="center">0</td>
                  <td align="center">000111</td>
                  <td align="center">srav $t1, $t2, $t3</td>
                </tr>
                <tr>
                  <td align="center">jr</td>
                  <td align="center">000000</td>
                  <td align="center">rs</td>
                  <td align="center">0</td>
                  <td align="center">0</td>
                  <td align="center">0</td>
                  <td align="center">001000</td>
                  <td align="center">jr $t31</td>
                </tr>
                <tr>
                  <th align="center">Bit #</th>
                  <th align="center">31..26</th>
                  <th align="center">25..21</th>
                  <th align="center">20..16</th>
                  <th align="center" colspan="3">15..0</th>
                  <th align="center"/>
                </tr>
                <tr>
                  <th align="center">I型指令</th>
                  <th align="center">op</th>
                  <th align="center">rs</th>
                  <th align="center">rt</th>
                  <th align="center" colspan="3">immediate</th>
                  <th align="center"/>
                </tr>
                <tr>
                  <td align="center">addi</td>
                  <td align="center">001000</td>
                  <td align="center">rs</td>
                  <td align="center">rt</td>
                  <td align="center" colspan="3">immediate(-~+)</td>
                  <td align="center">addi $t1, $t2, 100</td>
                </tr>
                <tr>
                  <td align="center">addiu</td>
                  <td align="center">001001</td>
                  <td align="center">rs</td>
                  <td align="center">rt</td>
                  <td align="center" colspan="3">immediate(-~+)</td>
                  <td align="center">addiu $t1, $t2, 100</td>
                </tr>
                <tr>
                  <td align="center">andi</td>
                  <td align="center">001100</td>
                  <td align="center">rs</td>
                  <td align="center">rt</td>
                  <td align="center" colspan="3">immediate(0~+)</td>
                  <td align="center">andi $t1, $t2, 10</td>
                </tr>
                <tr>
                  <td align="center">ori</td>
                  <td align="center">001101</td>
                  <td align="center">rs</td>
                  <td align="center">rt</td>
                  <td align="center" colspan="3">immediate(0~+)</td>
                  <td align="center">ori $t1, $t2, 10</td>
                </tr>
                <tr>
                  <td align="center">xori</td>
                  <td align="center">001110</td>
                  <td align="center">rs</td>
                  <td align="center">rt</td>
                  <td align="center" colspan="3">immediate(0~+)</td>
                  <td align="center">xori $t1, $t2, 10</td>
                </tr>
                <tr>
                  <td align="center">lw</td>
                  <td align="center">100011</td>
                  <td align="center">rs</td>
                  <td align="center">rt</td>
                  <td align="center" colspan="3">immediate(-~+)</td>
                  <td align="center">lw $t1, 10($t2)</td>
                </tr>
                <tr>
                  <td align="center">sw</td>
                  <td align="center">101011</td>
                  <td align="center">rs</td>
                  <td align="center">rt</td>
                  <td align="center" colspan="3">immediate(-~+)</td>
                  <td align="center">sw $t1, 10($t2)</td>
                </tr>
                <tr>
                  <td align="center">beq</td>
                  <td align="center">000100</td>
                  <td align="center">rs</td>
                  <td align="center">rt</td>
                  <td align="center" colspan="3">immediate(-~+)</td>
                  <td align="center">beq $t1, $t2, 10</td>
                </tr>
                <tr>
                  <td align="center">bne</td>
                  <td align="center">000101</td>
                  <td align="center">rs</td>
                  <td align="center">rt</td>
                  <td align="center" colspan="3">immediate(-~+)</td>
                  <td align="center">bne $t1, $t2, 10</td>
                </tr>
                <tr>
                  <td align="center">slti</td>
                  <td align="center">001010</td>
                  <td align="center">rs</td>
                  <td align="center">rt</td>
                  <td align="center" colspan="3">immediate(-~+)</td>
                  <td align="center">slti $t1, $t2, 10</td>
                </tr>
                <tr>
                  <td align="center">sltiu</td>
                  <td align="center">001011</td>
                  <td align="center">rs</td>
                  <td align="center">rt</td>
                  <td align="center" colspan="3">immediate(-~+)</td>
                  <td align="center">sltiu $t1, $t2, 10</td>
                </tr>
                <tr>
                  <td align="center">lui</td>
                  <td align="center">001111</td>
                  <td align="center">00000</td>
                  <td align="center">rt</td>
                  <td align="center" colspan="3">immediate(-~+)</td>
                  <td align="center">lui $t1, 10</td>
                </tr>
                <tr>
                  <th align="center">Bit #</th>
                  <th align="center">31..26</th>
                  <th align="center" colspan="5">25..0</th>
                  <th align="center"/>
                </tr>
                <tr>
                  <th align="center">J型指令</th>
                  <th align="center">op</th>
                  <th align="center" colspan="5">index</th>
                  <th align="center"/>
                </tr>
                <tr>
                  <td align="center">j</td>
                  <td align="center">000010</td>
                  <td align="center" colspan="5">address</td>
                  <td align="center">j 10000</td>
                </tr>
                <tr>
                  <td align="center">j</td>
                  <td align="center">000011</td>
                  <td align="center" colspan="5">address</td>
                  <td align="center">jal 10000</td>
                </tr>
              </table>
            </div>
            <footer class="post-footer">
              <div class="reward-container">
                <div>我很可爱，请给我钱！</div>
                <button>赞赏</button>
                <div class="post-reward">
                  <div>
                    <img alt="Tarik Von 微信" src="/images/wechatpay.png"/>
                    <span>微信</span>
                  </div>
                </div>
              </div>
              <div class="post-tags">
                <a href="/tags/MIPS/" rel="tag"># MIPS</a>
                <a href="/tags/Assembly/" rel="tag"># Assembly</a>
                <a href="/tags/Architecture/" rel="tag"># Architecture</a>
                <a href="/tags/Programming/" rel="tag"># Programming</a>
                <a href="/tags/CPU/" rel="tag"># CPU</a>
              </div>
              <div class="post-nav">
                <div class="post-nav-item">
                  <a title="Python: Pandas" href="/2024/05/21/Python-Pandas/" rel="prev"> <i class="fa fa-angle-left"/> Python: Pandas </a>
                </div>
                <div class="post-nav-item">
                  <a href="/2024/05/26/OVERTURE/" rel="next" title="OVERTURE指令集一览表（共18条）及汇编器"> OVERTURE指令集一览表（共18条）及汇编器 <i class="fa fa-angle-right"/> </a>
                </div>
              </div>
            </footer>
          </article>
        </div>
      </div>
    </main>
    <footer class="footer">
      <div class="footer-inner">
        <div class="copyright">© <span itemprop="copyrightYear">2024</span><span class="with-love"> <i class="fa fa-heart"/> </span><span class="author" itemprop="copyrightHolder">Tarik Von</span></div>
        <div class="wordcount">
          <span class="post-meta-item"> <span class="post-meta-item-icon"> <i class="fa fa-chart-line"/> </span> <span title="站点总字数">6k</span> </span>
          <span class="post-meta-item"> <span class="post-meta-item-icon"> <i class="fa fa-coffee"/> </span> <span title="站点阅读时长">21 分钟</span> </span>
        </div>
        <div class="powered-by">由 <a href="https://www.tarikvon.cn:8001/">Hexo</a> &amp; <a href="https://theme-next.js.org/pisces/" rel="noopener" target="_blank">NexT.Pisces</a> 强力驱动</div>
        <script color="126,0,255" count="99" opacity="0.5" src="/lib/theme-next-canvas-nest/canvas-nest.js" zindex="-1"/>
      </div>
    </footer>
    <div aria-label="返回顶部" class="back-to-top" role="button">
      <i class="fa fa-arrow-up fa-lg"/>
      <span>0%</span>
    </div>
    <div class="reading-progress-bar"/>
    <noscript>
      <div class="noscript-warning">Theme NexT works best with JavaScript enabled</div>
    </noscript>
    <script alpha="0.6" size="300" src="https://cdnjs.cloudflare.com/ajax/libs/ribbon.js/1.0.2/ribbon.min.js" zindex="-1"/>
    <script crossorigin="anonymous" integrity="sha256-XL2inqUJaslATFnHdJOi9GfQ60on8Wx1C2H8DYiN1xY=" src="https://cdnjs.cloudflare.com/ajax/libs/animejs/3.2.1/anime.min.js"/>
    <script crossorigin="anonymous" integrity="sha256-vxLn1tSKWD4dqbMRyv940UYw4sXgMtYcK6reefzZrao=" src="https://cdnjs.cloudflare.com/ajax/libs/next-theme-pjax/0.6.0/pjax.min.js"/>
    <script src="/js/comments.js"/>
    <script src="/js/utils.js"/>
    <script src="/js/motion.js"/>
    <script src="/js/next-boot.js"/>
    <script src="/js/pjax.js"/>
    <script src="/live2dw/lib/L2Dwidget.min.js"/>
    <script>L2Dwidget.init({"pluginRootPath":"live2dw/","pluginJsPath":"lib/","pluginModelPath":"assets/","tagMode":false,"debug":false,"model":{"jsonPath":"/live2dw/assets/Kobayaxi.model.json"},"display":{"position":"right","width":200,"vOffset":-150},"mobile":{"show":false},"react":{"opacity":1},"log":false});</script>
  </body>
</html>
