<html lang="zh-CN">
  <head>
    <meta charset="UTF-8"/>
    <meta content="width=device-width" name="viewport"/>
    <meta content="#222" name="theme-color"/>
    <meta content="Hexo 7.0.0" name="generator"/>
    <link href="/images/apple-touch-icon-von.png" rel="apple-touch-icon" sizes="180x180"/>
    <link href="/images/von-32x32-next.png" rel="icon" sizes="32x32" type="image/png"/>
    <link href="/images/von-16x16-next.png" rel="icon" sizes="16x16" type="image/png"/>
    <link color="#222" href="/images/apple-touch-icon-von.png" rel="mask-icon"/>
    <link href="/css/main.css" rel="stylesheet"/>
    <link crossorigin="anonymous" href="https://cdnjs.cloudflare.com/ajax/libs/font-awesome/6.4.2/css/all.min.css" integrity="sha256-CTSx/A06dm1B063156EVh15m6Y67pAjZZaQc89LLSrU=" rel="stylesheet"/>
    <link crossorigin="anonymous" href="https://cdnjs.cloudflare.com/ajax/libs/animate.css/3.1.1/animate.min.css" integrity="sha256-PR7ttpcvz8qrF57fur/yAx1qXMFJeJFiA6pSzWi0OIE=" rel="stylesheet"/>
    <script class="next-config" data-name="main" type="application/json">{"hostname":"www.tarikvon.cn","root":"/","images":"/images","scheme":"Pisces","darkmode":false,"version":"8.18.2","exturl":false,"sidebar":{"position":"left","display":"post","padding":18,"offset":12},"copycode":{"enable":false,"style":null},"fold":{"enable":false,"height":500},"bookmark":{"enable":false,"color":"#222","save":"auto"},"mediumzoom":false,"lazyload":false,"pangu":false,"comments":{"style":"tabs","active":null,"storage":true,"lazyload":false,"nav":null},"stickytabs":false,"motion":{"enable":true,"async":false,"transition":{"menu_item":"fadeInDown","post_block":"fadeIn","post_header":"fadeInDown","post_body":"fadeInDown","coll_header":"fadeInLeft","sidebar":"fadeInUp"}},"prism":false,"i18n":{"placeholder":"搜索...","empty":"没有找到任何搜索结果：${query}","hits_time":"找到 ${hits} 个搜索结果（用时 ${time} 毫秒）","hits":"找到 ${hits} 个搜索结果"}}</script>
    <script src="/js/config.js"/>
    <meta content="website" property="og:type"/>
    <meta content="Von's Blog" property="og:title"/>
    <meta content="http://www.tarikvon.cn/index.html" property="og:url"/>
    <meta content="Von's Blog" property="og:site_name"/>
    <meta content="zh_CN" property="og:locale"/>
    <meta content="Tarik Von" property="article:author"/>
    <meta content="summary" name="twitter:card"/>
    <link href="http://www.tarikvon.cn/" rel="canonical"/>
    <script class="next-config" data-name="page" type="application/json">{"sidebar":"","isHome":true,"isPost":false,"lang":"zh-CN","comments":"","permalink":"","path":"index.html","title":""}</script>
    <script class="next-config" data-name="calendar" type="application/json">""</script>
    <title>Von's Blog</title>
    <script src="/js/third-party/analytics/baidu-analytics.js"/>
    <script async="" src="https://hm.baidu.com/hm.js?82f83f20674b422f119ed5514b2b3c7d"/>
    <script async="" src="/lib/fireworks.js"/>
    <noscript>
      <link href="/css/noscript.css" rel="stylesheet"/>
    </noscript>
  </head>
  <body class="use-motion" itemscope="" itemtype="http://schema.org/WebPage">
    <div class="headband"/>
    <main class="main">
      <div class="column">
        <header class="header" itemscope="" itemtype="http://schema.org/WPHeader">
          <div class="site-brand-container">
            <div class="site-nav-toggle">
              <div aria-label="切换导航栏" class="toggle" role="button">
                <span class="toggle-line"/>
                <span class="toggle-line"/>
                <span class="toggle-line"/>
              </div>
            </div>
            <div class="site-meta">
              <a class="brand" href="/" rel="start"> <i class="logo-line"/> <h1 class="site-title">Von's Blog</h1> <i class="logo-line"/> </a>
              <p class="site-subtitle" itemprop="description">冯格列斯酒馆绝赞营业中~</p>
            </div>
            <div class="site-nav-right">
              <div class="toggle popup-trigger" aria-label="搜索" role="button"/>
            </div>
          </div>
          <nav class="site-nav">
            <ul class="main-menu menu">
              <li class="menu-item menu-item-home">
                <a href="/" rel="section"><i class="fa fa-home fa-fw"/>首页</a>
              </li>
              <li class="menu-item menu-item-about">
                <a href="/about/" rel="section"><i class="fa fa-user fa-fw"/>关于</a>
              </li>
              <li class="menu-item menu-item-tags">
                <a href="/tags/" rel="section"><i class="fa fa-tags fa-fw"/>标签</a>
              </li>
              <li class="menu-item menu-item-categories">
                <a href="/categories/" rel="section"><i class="fa fa-th fa-fw"/>分类</a>
              </li>
              <li class="menu-item menu-item-archives">
                <a href="/archives/" rel="section"><i class="fa fa-archive fa-fw"/>归档</a>
              </li>
              <li class="menu-item menu-item-schedule">
                <a href="/schedule/" rel="section"><i class="fa fa-calendar fa-fw"/>日程表</a>
              </li>
              <li class="menu-item menu-item-tools">
                <a href="/tools/" rel="section"><i class="fa fa-toolbox fa-fw"/>工具箱</a>
              </li>
            </ul>
          </nav>
        </header>
        <aside class="sidebar">
          <div class="sidebar-inner sidebar-overview-active">
            <ul class="sidebar-nav">
              <li class="sidebar-nav-toc">文章目录</li>
              <li class="sidebar-nav-overview">站点概览</li>
            </ul>
            <div class="sidebar-panel-container">
              <!--noindex-->
              <div class="post-toc-wrap sidebar-panel"/>
              <!--/noindex-->
              <div class="site-overview-wrap sidebar-panel">
                <div class="site-author animated" itemprop="author" itemscope="" itemtype="http://schema.org/Person">
                  <img alt="Tarik Von" class="site-author-image" itemprop="image" src="http://q.qlogo.cn/headimg_dl?dst_uin=2758557228&amp;spec=640&amp;img_type=jpg"/>
                  <p class="site-author-name" itemprop="name">Tarik Von</p>
                  <div class="site-description" itemprop="description"/>
                </div>
                <div class="site-state-wrap animated">
                  <nav class="site-state">
                    <div class="site-state-item site-state-posts">
                      <a href="/archives/"> <span class="site-state-item-count">9</span> <span class="site-state-item-name">日志</span> </a>
                    </div>
                    <div class="site-state-item site-state-categories">
                      <a href="/categories/"> <span class="site-state-item-count">5</span> <span class="site-state-item-name">分类</span></a>
                    </div>
                    <div class="site-state-item site-state-tags">
                      <a href="/tags/"> <span class="site-state-item-count">30</span> <span class="site-state-item-name">标签</span></a>
                    </div>
                  </nav>
                </div>
                <div class="links-of-author animated">
                  <span class="links-of-author-item"> <a rel="noopener me" title="GitHub → https://github.com/TarikVon" href="https://github.com/TarikVon" target="_blank"><i class="fab fa-github fa-fw"/>GitHub</a> </span>
                  <span class="links-of-author-item"> <a rel="noopener me" title="Bilibili → https://space.bilibili.com/133633241" href="https://space.bilibili.com/133633241" target="_blank"><i class="fab fa-bilibili fa-fw"/>Bilibili</a> </span>
                  <span class="links-of-author-item"> <a rel="noopener me" title="Twitter → https://twitter.com/Tarik_Von" href="https://twitter.com/Tarik_Von" target="_blank"><i class="fab fa-twitter fa-fw"/>Twitter</a> </span>
                  <span class="links-of-author-item"> <a rel="noopener me" title="YouTube → https://www.youtube.com/@TarikVon" href="https://www.youtube.com/@TarikVon" target="_blank"><i class="fab fa-youtube fa-fw"/>YouTube</a> </span>
                </div>
              </div>
            </div>
            <div>
              <iframe border="0" frameborder="no" height="86" marginheight="0" marginwidth="0" src="https://music.163.com/outchain/player?type=2&amp;id=1398802958&amp;auto=0&amp;height=66" width="330"/>
              <script async="" src="https://rf.revolvermaps.com/0/0/8.js?i=5vuqjbxfa40&amp;m=7&amp;c=ff0000&amp;cr1=ffffff&amp;f=arial&amp;l=33"/>
            </div>
          </div>
        </aside>
      </div>
      <div class="main-inner index posts-expand">
        <div class="post-block">
          <article class="post-content" itemscope="" itemtype="http://schema.org/Article">
            <link href="http://www.tarikvon.cn/2024/05/26/OVERTURE/" itemprop="mainEntityOfPage"/>
            <span hidden="" itemprop="author" itemscope="" itemtype="http://schema.org/Person"> <meta content="http://q.qlogo.cn/headimg_dl?dst_uin=2758557228&amp;spec=640&amp;img_type=jpg" itemprop="image"/> <meta content="Tarik Von" itemprop="name"/> </span>
            <span hidden="" itemprop="publisher" itemscope="" itemtype="http://schema.org/Organization"> <meta content="Von's Blog" itemprop="name"/> <meta itemprop="description"/> </span>
            <span hidden="" itemprop="post" itemscope="" itemtype="http://schema.org/CreativeWork"> <meta content="undefined | Von's Blog" itemprop="name"/> <meta itemprop="description"/> </span>
            <header class="post-header">
              <h2 itemprop="name headline" class="post-title">
                <a class="post-title-link" href="/2024/05/26/OVERTURE/" itemprop="url">OVERTURE指令集一览表（共18条）及汇编器</a>
              </h2>
              <div class="post-meta-container">
                <div class="post-meta">
                  <span class="post-meta-item"> <span class="post-meta-item-icon"> <i class="far fa-calendar"/> </span> <span class="post-meta-item-text">发表于</span> <time itemprop="dateCreated datePublished" title="创建时间：2024-05-26 13:16:34 / 修改时间：16:32:12" datetime="2024-05-26T13:16:34+08:00">2024-05-26</time> </span>
                  <span class="post-meta-item"> <span class="post-meta-item-icon"> <i class="far fa-folder"/> </span> <span class="post-meta-item-text">分类于</span> <span itemprop="about" itemscope="" itemtype="http://schema.org/Thing"> <a href="/categories/notes/" itemprop="url" rel="index"><span itemprop="name">notes</span></a> </span> </span>
                  <span class="post-meta-item" title="本文字数"> <span class="post-meta-item-icon"> <i class="far fa-file-word"/> </span> <span class="post-meta-item-text">本文字数：</span> <span>1.5k</span> </span>
                  <span class="post-meta-item" title="阅读时长"> <span class="post-meta-item-icon"> <i class="far fa-clock"/> </span> <span class="post-meta-item-text">阅读时长 ≈</span> <span>5 分钟</span> </span>
                </div>
              </div>
            </header>
            <div class="post-body" itemprop="articleBody">OVERTURE 指令集是游戏图灵完备（Turing Complete）中的第一款虚拟计算机所使用的指令集。这里将描述 OVERTURE 指令集，为实际的 CPU 设计做参考。该指令集共有 16 条指令、2 条可选的拓展指令。 <!--noindex--><div class="post-button"><a class="btn" href="/2024/05/26/OVERTURE/#more" rel="contents"> 阅读全文 » </a></div><!--/noindex--></div>
            <footer class="post-footer">
              <div class="post-eof"/>
            </footer>
          </article>
        </div>
        <div class="post-block">
          <article class="post-content" itemscope="" itemtype="http://schema.org/Article">
            <link href="http://www.tarikvon.cn/2024/05/25/MIPS/" itemprop="mainEntityOfPage"/>
            <span hidden="" itemprop="author" itemscope="" itemtype="http://schema.org/Person"> <meta content="http://q.qlogo.cn/headimg_dl?dst_uin=2758557228&amp;spec=640&amp;img_type=jpg" itemprop="image"/> <meta content="Tarik Von" itemprop="name"/> </span>
            <span hidden="" itemprop="publisher" itemscope="" itemtype="http://schema.org/Organization"> <meta content="Von's Blog" itemprop="name"/> <meta itemprop="description"/> </span>
            <span hidden="" itemprop="post" itemscope="" itemtype="http://schema.org/CreativeWork"> <meta content="undefined | Von's Blog" itemprop="name"/> <meta itemprop="description"/> </span>
            <header class="post-header">
              <h2 itemprop="name headline" class="post-title">
                <a class="post-title-link" href="/2024/05/25/MIPS/" itemprop="url">MIPS精简指令集一览表（共31条）</a>
              </h2>
              <div class="post-meta-container">
                <div class="post-meta">
                  <span class="post-meta-item"> <span class="post-meta-item-icon"> <i class="far fa-calendar"/> </span> <span class="post-meta-item-text">发表于</span> <time itemprop="dateCreated datePublished" title="创建时间：2024-05-25 22:11:49 / 修改时间：22:20:12" datetime="2024-05-25T22:11:49+08:00">2024-05-25</time> </span>
                  <span class="post-meta-item"> <span class="post-meta-item-icon"> <i class="far fa-folder"/> </span> <span class="post-meta-item-text">分类于</span> <span itemprop="about" itemscope="" itemtype="http://schema.org/Thing"> <a href="/categories/notes/" itemprop="url" rel="index"><span itemprop="name">notes</span></a> </span> </span>
                  <span class="post-meta-item" title="本文字数"> <span class="post-meta-item-icon"> <i class="far fa-file-word"/> </span> <span class="post-meta-item-text">本文字数：</span> <span>1.6k</span> </span>
                  <span class="post-meta-item" title="阅读时长"> <span class="post-meta-item-icon"> <i class="far fa-clock"/> </span> <span class="post-meta-item-text">阅读时长 ≈</span> <span>6 分钟</span> </span>
                </div>
              </div>
            </header>
            <div class="post-body" itemprop="articleBody">
              <p>MIPS（Microprocessor without Interlocked Pipeline Stages）是一种广泛应用于计算机体系结构课程和嵌入式系统开发中的指令集架构。本文将提供一张详细的表格，展示 MIPS 指令集的一览表，帮助读者更好地理解每条指令的格式及其使用方法。<!--noindex--></p>
              <div class="post-button">
                <a class="btn" href="/2024/05/25/MIPS/#more" rel="contents"> 阅读全文 » </a>
              </div>
              <!--/noindex-->
            </div>
            <footer class="post-footer">
              <div class="post-eof"/>
            </footer>
          </article>
        </div>
        <div class="post-block">
          <article class="post-content" itemscope="" itemtype="http://schema.org/Article">
            <link href="http://www.tarikvon.cn/2024/05/21/Python-Pandas/" itemprop="mainEntityOfPage"/>
            <span hidden="" itemprop="author" itemscope="" itemtype="http://schema.org/Person"> <meta content="http://q.qlogo.cn/headimg_dl?dst_uin=2758557228&amp;spec=640&amp;img_type=jpg" itemprop="image"/> <meta content="Tarik Von" itemprop="name"/> </span>
            <span hidden="" itemprop="publisher" itemscope="" itemtype="http://schema.org/Organization"> <meta content="Von's Blog" itemprop="name"/> <meta itemprop="description"/> </span>
            <span hidden="" itemprop="post" itemscope="" itemtype="http://schema.org/CreativeWork"> <meta content="undefined | Von's Blog" itemprop="name"/> <meta itemprop="description"/> </span>
            <header class="post-header">
              <h2 itemprop="name headline" class="post-title">
                <a class="post-title-link" href="/2024/05/21/Python-Pandas/" itemprop="url">Python: Pandas</a>
              </h2>
              <div class="post-meta-container">
                <div class="post-meta">
                  <span class="post-meta-item"> <span class="post-meta-item-icon"> <i class="far fa-calendar"/> </span> <span class="post-meta-item-text">发表于</span> <time itemprop="dateCreated datePublished" title="创建时间：2024-05-21 15:07:15 / 修改时间：20:49:33" datetime="2024-05-21T15:07:15+08:00">2024-05-21</time> </span>
                  <span class="post-meta-item"> <span class="post-meta-item-icon"> <i class="far fa-folder"/> </span> <span class="post-meta-item-text">分类于</span> <span itemprop="about" itemscope="" itemtype="http://schema.org/Thing"> <a href="/categories/notes/" itemprop="url" rel="index"><span itemprop="name">notes</span></a> </span> </span>
                  <span class="post-meta-item" title="本文字数"> <span class="post-meta-item-icon"> <i class="far fa-file-word"/> </span> <span class="post-meta-item-text">本文字数：</span> <span>157</span> </span>
                  <span class="post-meta-item" title="阅读时长"> <span class="post-meta-item-icon"> <i class="far fa-clock"/> </span> <span class="post-meta-item-text">阅读时长 ≈</span> <span>1 分钟</span> </span>
                </div>
              </div>
            </header>
            <div class="post-body" itemprop="articleBody">
              <h1 id="Python-Pandas-模块使用文档"><a title="Python: Pandas 模块使用文档" class="headerlink" href="#Python-Pandas-模块使用文档"/>Python: Pandas 模块使用文档</h1>
              <hr/>
              <h2 id="Introduction"><a class="headerlink" href="#Introduction" title="Introduction"/>Introduction</h2>
              <p>Pandas 是 Python 语言的一个扩展程序库，用于数据分析。</p>
              <p>Pandas 名字衍生自术语 “panel data”（面板数据）和 “Python data analysis”（Python 数据分析）。</p>
              <p>Pandas 是一个开放源码、BSD 许可的库，提供高性能、易于使用的数据结构和数据分析工具。</p>
              <p>Pandas 一个强大的分析结构化数据的工具集，基础是 Numpy（提供高性能的矩阵运算）。</p>
              <blockquote>
                <p>Now, let’s start!</p>
              </blockquote>
              <!--noindex-->
              <div class="post-button">
                <a class="btn" href="/2024/05/21/Python-Pandas/#more" rel="contents"> 阅读全文 » </a>
              </div>
              <!--/noindex-->
            </div>
            <footer class="post-footer">
              <div class="post-eof"/>
            </footer>
          </article>
        </div>
        <div class="post-block">
          <article class="post-content" itemscope="" itemtype="http://schema.org/Article">
            <link href="http://www.tarikvon.cn/2024/02/14/techLog-2024-02-14/" itemprop="mainEntityOfPage"/>
            <span hidden="" itemprop="author" itemscope="" itemtype="http://schema.org/Person"> <meta content="http://q.qlogo.cn/headimg_dl?dst_uin=2758557228&amp;spec=640&amp;img_type=jpg" itemprop="image"/> <meta content="Tarik Von" itemprop="name"/> </span>
            <span hidden="" itemprop="publisher" itemscope="" itemtype="http://schema.org/Organization"> <meta content="Von's Blog" itemprop="name"/> <meta itemprop="description"/> </span>
            <span hidden="" itemprop="post" itemscope="" itemtype="http://schema.org/CreativeWork"> <meta content="undefined | Von's Blog" itemprop="name"/> <meta itemprop="description"/> </span>
            <header class="post-header">
              <h2 itemprop="name headline" class="post-title">
                <a class="post-title-link" href="/2024/02/14/techLog-2024-02-14/" itemprop="url">折腾日志 #1：利用树莓派搭建一个 NAS 服务器</a>
              </h2>
              <div class="post-meta-container">
                <div class="post-meta">
                  <span class="post-meta-item"> <span class="post-meta-item-icon"> <i class="far fa-calendar"/> </span> <span class="post-meta-item-text">发表于</span> <time itemprop="dateCreated datePublished" title="创建时间：2024-02-14 00:26:01" datetime="2024-02-14T00:26:01+08:00">2024-02-14</time> </span>
                  <span class="post-meta-item"> <span class="post-meta-item-icon"> <i class="far fa-calendar-check"/> </span> <span class="post-meta-item-text">更新于</span> <time title="修改时间：2024-05-21 20:48:19" datetime="2024-05-21T20:48:19+08:00" itemprop="dateModified">2024-05-21</time> </span>
                  <span class="post-meta-item"> <span class="post-meta-item-icon"> <i class="far fa-folder"/> </span> <span class="post-meta-item-text">分类于</span> <span itemprop="about" itemscope="" itemtype="http://schema.org/Thing"> <a href="/categories/techLog/" itemprop="url" rel="index"><span itemprop="name">techLog</span></a> </span> </span>
                  <span class="post-meta-item" title="本文字数"> <span class="post-meta-item-icon"> <i class="far fa-file-word"/> </span> <span class="post-meta-item-text">本文字数：</span> <span>141</span> </span>
                  <span class="post-meta-item" title="阅读时长"> <span class="post-meta-item-icon"> <i class="far fa-clock"/> </span> <span class="post-meta-item-text">阅读时长 ≈</span> <span>1 分钟</span> </span>
                </div>
              </div>
            </header>
            <div class="post-body" itemprop="articleBody">
              <blockquote>
                <p>生命不息，折腾不止。<br/><del>我有块树莓派 4B 8g 版，想换北京一套四合院，有意私聊</del></p>
              </blockquote>
              <p>寒假闲来无事，想买个树莓派来折腾。<br/>刚好碰上 Pi5 发行，价格久高不下的 4B 终于值得入手啦~<!--noindex--></p>
              <div class="post-button">
                <a class="btn" href="/2024/02/14/techLog-2024-02-14/#more" rel="contents"> 阅读全文 » </a>
              </div>
              <!--/noindex-->
            </div>
            <footer class="post-footer">
              <div class="post-eof"/>
            </footer>
          </article>
        </div>
        <div class="post-block">
          <article class="post-content" itemscope="" itemtype="http://schema.org/Article">
            <link href="http://www.tarikvon.cn/2023/12/19/oops/" itemprop="mainEntityOfPage"/>
            <span hidden="" itemprop="author" itemscope="" itemtype="http://schema.org/Person"> <meta content="http://q.qlogo.cn/headimg_dl?dst_uin=2758557228&amp;spec=640&amp;img_type=jpg" itemprop="image"/> <meta content="Tarik Von" itemprop="name"/> </span>
            <span hidden="" itemprop="publisher" itemscope="" itemtype="http://schema.org/Organization"> <meta content="Von's Blog" itemprop="name"/> <meta itemprop="description"/> </span>
            <span hidden="" itemprop="post" itemscope="" itemtype="http://schema.org/CreativeWork"> <meta content="undefined | Von's Blog" itemprop="name"/> <meta itemprop="description"/> </span>
            <header class="post-header">
              <h2 itemprop="name headline" class="post-title">
                <a class="post-title-link" href="/2023/12/19/oops/" itemprop="url">Oops! We have temporarily closed the NLP model service</a>
              </h2>
              <div class="post-meta-container">
                <div class="post-meta">
                  <span class="post-meta-item"> <span class="post-meta-item-icon"> <i class="far fa-calendar"/> </span> <span class="post-meta-item-text">发表于</span> <time itemprop="dateCreated datePublished" title="创建时间：2023-12-19 09:27:26" datetime="2023-12-19T09:27:26+08:00">2023-12-19</time> </span>
                  <span class="post-meta-item"> <span class="post-meta-item-icon"> <i class="far fa-calendar-check"/> </span> <span class="post-meta-item-text">更新于</span> <time title="修改时间：2024-02-14 05:34:28" datetime="2024-02-14T05:34:28+08:00" itemprop="dateModified">2024-02-14</time> </span>
                  <span class="post-meta-item"> <span class="post-meta-item-icon"> <i class="far fa-folder"/> </span> <span class="post-meta-item-text">分类于</span> <span itemprop="about" itemscope="" itemtype="http://schema.org/Thing"> <a href="/categories/deployments/" itemprop="url" rel="index"><span itemprop="name">deployments</span></a> </span> </span>
                  <span class="post-meta-item" title="本文字数"> <span class="post-meta-item-icon"> <i class="far fa-file-word"/> </span> <span class="post-meta-item-text">本文字数：</span> <span>136</span> </span>
                  <span class="post-meta-item" title="阅读时长"> <span class="post-meta-item-icon"> <i class="far fa-clock"/> </span> <span class="post-meta-item-text">阅读时长 ≈</span> <span>1 分钟</span> </span>
                </div>
              </div>
            </header>
            <div class="post-body" itemprop="articleBody">
              <h1 id="A-note-on-page-redirects"><a title="A note on page redirects" class="headerlink" href="#A-note-on-page-redirects"/>A note on page redirects</h1>
              <p>If you see this page, you were redirected here via the NLP test link in the slide during our group presentation demo.</p>
              <p>Because running this NLP model takes a lot of computing power from our servers, we have temporarily shut down the service.<!--noindex--></p>
              <div class="post-button">
                <a class="btn" href="/2023/12/19/oops/#more" rel="contents"> 阅读全文 » </a>
              </div>
              <!--/noindex-->
            </div>
            <footer class="post-footer">
              <div class="post-eof"/>
            </footer>
          </article>
        </div>
        <div class="post-block">
          <article class="post-content" itemscope="" itemtype="http://schema.org/Article">
            <link href="http://www.tarikvon.cn/2023/12/14/what2eat/" itemprop="mainEntityOfPage"/>
            <span hidden="" itemprop="author" itemscope="" itemtype="http://schema.org/Person"> <meta content="http://q.qlogo.cn/headimg_dl?dst_uin=2758557228&amp;spec=640&amp;img_type=jpg" itemprop="image"/> <meta content="Tarik Von" itemprop="name"/> </span>
            <span hidden="" itemprop="publisher" itemscope="" itemtype="http://schema.org/Organization"> <meta content="Von's Blog" itemprop="name"/> <meta itemprop="description"/> </span>
            <span hidden="" itemprop="post" itemscope="" itemtype="http://schema.org/CreativeWork"> <meta content="undefined | Von's Blog" itemprop="name"/> <meta itemprop="description"/> </span>
            <header class="post-header">
              <h2 itemprop="name headline" class="post-title">
                <a class="post-title-link" href="/2023/12/14/what2eat/" itemprop="url">😋 What to Eat Today?</a>
              </h2>
              <div class="post-meta-container">
                <div class="post-meta">
                  <span class="post-meta-item"> <span class="post-meta-item-icon"> <i class="far fa-calendar"/> </span> <span class="post-meta-item-text">发表于</span> <time itemprop="dateCreated datePublished" title="创建时间：2023-12-14 17:56:19" datetime="2023-12-14T17:56:19+08:00">2023-12-14</time> </span>
                  <span class="post-meta-item"> <span class="post-meta-item-icon"> <i class="far fa-calendar-check"/> </span> <span class="post-meta-item-text">更新于</span> <time title="修改时间：2023-12-19 09:12:00" datetime="2023-12-19T09:12:00+08:00" itemprop="dateModified">2023-12-19</time> </span>
                  <span class="post-meta-item"> <span class="post-meta-item-icon"> <i class="far fa-folder"/> </span> <span class="post-meta-item-text">分类于</span> <span itemprop="about" itemscope="" itemtype="http://schema.org/Thing"> <a href="/categories/deployments/" itemprop="url" rel="index"><span itemprop="name">deployments</span></a> </span> </span>
                  <span class="post-meta-item" title="本文字数"> <span class="post-meta-item-icon"> <i class="far fa-file-word"/> </span> <span class="post-meta-item-text">本文字数：</span> <span>551</span> </span>
                  <span class="post-meta-item" title="阅读时长"> <span class="post-meta-item-icon"> <i class="far fa-clock"/> </span> <span class="post-meta-item-text">阅读时长 ≈</span> <span>2 分钟</span> </span>
                </div>
              </div>
            </header>
            <div class="post-body" itemprop="articleBody">What to Eat Today? 是一个基于兰州大学某轻食外卖群微信点单的开发的小项目（面向个人，功能较为简单）。由于其麻烦（且及其不友好）的点餐流程，和某人经常要花半个小时来想今天该吃什么（最终还忘记点了）的情况，该项目旨在为用户提供便捷、多样化的餐饮选择，解决日常选择困难症（与懒癌）。 <!--noindex--><div class="post-button"><a class="btn" href="/2023/12/14/what2eat/#more" rel="contents"> 阅读全文 » </a></div><!--/noindex--></div>
            <footer class="post-footer">
              <div class="post-eof"/>
            </footer>
          </article>
        </div>
        <div class="post-block">
          <article class="post-content" itemscope="" itemtype="http://schema.org/Article">
            <link href="http://www.tarikvon.cn/2023/11/23/opsLog-2023-11-23/" itemprop="mainEntityOfPage"/>
            <span hidden="" itemprop="author" itemscope="" itemtype="http://schema.org/Person"> <meta content="http://q.qlogo.cn/headimg_dl?dst_uin=2758557228&amp;spec=640&amp;img_type=jpg" itemprop="image"/> <meta content="Tarik Von" itemprop="name"/> </span>
            <span hidden="" itemprop="publisher" itemscope="" itemtype="http://schema.org/Organization"> <meta content="Von's Blog" itemprop="name"/> <meta itemprop="description"/> </span>
            <span hidden="" itemprop="post" itemscope="" itemtype="http://schema.org/CreativeWork"> <meta content="undefined | Von's Blog" itemprop="name"/> <meta itemprop="description"/> </span>
            <header class="post-header">
              <h2 itemprop="name headline" class="post-title">
                <a class="post-title-link" href="/2023/11/23/opsLog-2023-11-23/" itemprop="url">运维日志 #1：从删库到跑路。</a>
              </h2>
              <div class="post-meta-container">
                <div class="post-meta">
                  <span class="post-meta-item"> <span class="post-meta-item-icon"> <i class="far fa-calendar"/> </span> <span class="post-meta-item-text">发表于</span> <time itemprop="dateCreated datePublished" title="创建时间：2023-11-23 21:25:52" datetime="2023-11-23T21:25:52+08:00">2023-11-23</time> </span>
                  <span class="post-meta-item"> <span class="post-meta-item-icon"> <i class="far fa-calendar-check"/> </span> <span class="post-meta-item-text">更新于</span> <time title="修改时间：2024-05-21 20:47:16" datetime="2024-05-21T20:47:16+08:00" itemprop="dateModified">2024-05-21</time> </span>
                  <span class="post-meta-item"> <span class="post-meta-item-icon"> <i class="far fa-folder"/> </span> <span class="post-meta-item-text">分类于</span> <span itemprop="about" itemscope="" itemtype="http://schema.org/Thing"> <a href="/categories/opsLog/" itemprop="url" rel="index"><span itemprop="name">opsLog</span></a> </span> </span>
                  <span class="post-meta-item" title="本文字数"> <span class="post-meta-item-icon"> <i class="far fa-file-word"/> </span> <span class="post-meta-item-text">本文字数：</span> <span>859</span> </span>
                  <span class="post-meta-item" title="阅读时长"> <span class="post-meta-item-icon"> <i class="far fa-clock"/> </span> <span class="post-meta-item-text">阅读时长 ≈</span> <span>3 分钟</span> </span>
                </div>
              </div>
            </header>
            <div class="post-body" itemprop="articleBody">
              <h2 id="2023-年-11-月-23-日"><a title="2023 年 11 月 23 日" class="headerlink" href="#2023-年-11-月-23-日"/>2023 年 11 月 23 日</h2>
              <blockquote>
                <ul>
                  <li>git 引发的灾难</li>
                  <li>来自 html 逐行翻译的秽土转生</li>
                </ul>
              </blockquote>
              <h2 id="一些闲话"><a class="headerlink" href="#一些闲话" title="一些闲话"/>一些闲话</h2>
              <p>在拥有了一个自己的 Linux 服务器和搭建了一个 Blog 之后，由于本人过于 poor 的技能水平，在一些非常愚蠢的地方经常遇到各种各样的奇葩问题，于是就开了这么个“运维日志”系列，记录并分享遇到的问题以及解决过程，以此为鉴。<!--noindex--></p>
              <div class="post-button">
                <a class="btn" href="/2023/11/23/opsLog-2023-11-23/#more" rel="contents"> 阅读全文 » </a>
              </div>
              <!--/noindex-->
            </div>
            <footer class="post-footer">
              <div class="post-eof"/>
            </footer>
          </article>
        </div>
        <div class="post-block">
          <article class="post-content" itemscope="" itemtype="http://schema.org/Article">
            <link href="http://www.tarikvon.cn/2023/11/17/Python-Socket-Socketserver/" itemprop="mainEntityOfPage"/>
            <span hidden="" itemprop="author" itemscope="" itemtype="http://schema.org/Person"> <meta content="http://q.qlogo.cn/headimg_dl?dst_uin=2758557228&amp;spec=640&amp;img_type=jpg" itemprop="image"/> <meta content="Tarik Von" itemprop="name"/> </span>
            <span hidden="" itemprop="publisher" itemscope="" itemtype="http://schema.org/Organization"> <meta content="Von's Blog" itemprop="name"/> <meta itemprop="description"/> </span>
            <span hidden="" itemprop="post" itemscope="" itemtype="http://schema.org/CreativeWork"> <meta content="undefined | Von's Blog" itemprop="name"/> <meta itemprop="description"/> </span>
            <header class="post-header">
              <h2 itemprop="name headline" class="post-title">
                <a class="post-title-link" href="/2023/11/17/Python-Socket-Socketserver/" itemprop="url">Python: Socket &amp; Socketserver</a>
              </h2>
              <div class="post-meta-container">
                <div class="post-meta">
                  <span class="post-meta-item"> <span class="post-meta-item-icon"> <i class="far fa-calendar"/> </span> <span class="post-meta-item-text">发表于</span> <time itemprop="dateCreated datePublished" title="创建时间：2023-11-17 09:03:26" datetime="2023-11-17T09:03:26+08:00">2023-11-17</time> </span>
                  <span class="post-meta-item"> <span class="post-meta-item-icon"> <i class="far fa-calendar-check"/> </span> <span class="post-meta-item-text">更新于</span> <time title="修改时间：2023-11-25 04:04:33" datetime="2023-11-25T04:04:33+08:00" itemprop="dateModified">2023-11-25</time> </span>
                  <span class="post-meta-item"> <span class="post-meta-item-icon"> <i class="far fa-folder"/> </span> <span class="post-meta-item-text">分类于</span> <span itemprop="about" itemscope="" itemtype="http://schema.org/Thing"> <a href="/categories/notes/" itemprop="url" rel="index"><span itemprop="name">notes</span></a> </span> </span>
                  <span class="post-meta-item" title="本文字数"> <span class="post-meta-item-icon"> <i class="far fa-file-word"/> </span> <span class="post-meta-item-text">本文字数：</span> <span>843</span> </span>
                  <span class="post-meta-item" title="阅读时长"> <span class="post-meta-item-icon"> <i class="far fa-clock"/> </span> <span class="post-meta-item-text">阅读时长 ≈</span> <span>3 分钟</span> </span>
                </div>
              </div>
            </header>
            <div class="post-body" itemprop="articleBody">Python: Socket &amp; Socketserver 模块使用文档 <!--noindex--><div class="post-button"><a class="btn" href="/2023/11/17/Python-Socket-Socketserver/#more" rel="contents"> 阅读全文 » </a></div><!--/noindex--></div>
            <footer class="post-footer">
              <div class="post-eof"/>
            </footer>
          </article>
        </div>
        <div class="post-block">
          <article class="post-content" itemscope="" itemtype="http://schema.org/Article">
            <link href="http://www.tarikvon.cn/2023/11/15/hello-world/" itemprop="mainEntityOfPage"/>
            <span hidden="" itemprop="author" itemscope="" itemtype="http://schema.org/Person"> <meta content="http://q.qlogo.cn/headimg_dl?dst_uin=2758557228&amp;spec=640&amp;img_type=jpg" itemprop="image"/> <meta content="Tarik Von" itemprop="name"/> </span>
            <span hidden="" itemprop="publisher" itemscope="" itemtype="http://schema.org/Organization"> <meta content="Von's Blog" itemprop="name"/> <meta itemprop="description"/> </span>
            <span hidden="" itemprop="post" itemscope="" itemtype="http://schema.org/CreativeWork"> <meta content="undefined | Von's Blog" itemprop="name"/> <meta itemprop="description"/> </span>
            <header class="post-header">
              <h2 itemprop="name headline" class="post-title">
                <a class="post-title-link" href="/2023/11/15/hello-world/" itemprop="url">Hell World!</a>
              </h2>
              <div class="post-meta-container">
                <div class="post-meta">
                  <span class="post-meta-item"> <span class="post-meta-item-icon"> <i class="far fa-calendar"/> </span> <span class="post-meta-item-text">发表于</span> <time itemprop="dateCreated datePublished" title="创建时间：2023-11-15 22:38:57" datetime="2023-11-15T22:38:57+08:00">2023-11-15</time> </span>
                  <span class="post-meta-item"> <span class="post-meta-item-icon"> <i class="far fa-calendar-check"/> </span> <span class="post-meta-item-text">更新于</span> <time title="修改时间：2023-12-04 00:22:33" datetime="2023-12-04T00:22:33+08:00" itemprop="dateModified">2023-12-04</time> </span>
                  <span class="post-meta-item"> <span class="post-meta-item-icon"> <i class="far fa-folder"/> </span> <span class="post-meta-item-text">分类于</span> <span itemprop="about" itemscope="" itemtype="http://schema.org/Thing"> <a href="/categories/gossip/" itemprop="url" rel="index"><span itemprop="name">gossip</span></a> </span> </span>
                  <span class="post-meta-item" title="本文字数"> <span class="post-meta-item-icon"> <i class="far fa-file-word"/> </span> <span class="post-meta-item-text">本文字数：</span> <span>100</span> </span>
                  <span class="post-meta-item" title="阅读时长"> <span class="post-meta-item-icon"> <i class="far fa-clock"/> </span> <span class="post-meta-item-text">阅读时长 ≈</span> <span>1 分钟</span> </span>
                </div>
              </div>
            </header>
            <div class="post-body" itemprop="articleBody">Welcome to Tarik Von's garbage collection station. <!--noindex--><div class="post-button"><a class="btn" href="/2023/11/15/hello-world/#more" rel="contents"> 阅读全文 » </a></div><!--/noindex--></div>
            <footer class="post-footer">
              <div class="post-eof"/>
            </footer>
          </article>
        </div>
      </div>
    </main>
    <footer class="footer">
      <div class="footer-inner">
        <div class="copyright">© <span itemprop="copyrightYear">2024</span><span class="with-love"> <i class="fa fa-heart"/> </span><span class="author" itemprop="copyrightHolder">Tarik Von</span></div>
        <div class="wordcount">
          <span class="post-meta-item"> <span class="post-meta-item-icon"> <i class="fa fa-chart-line"/> </span> <span title="站点总字数">6k</span> </span>
          <span class="post-meta-item"> <span class="post-meta-item-icon"> <i class="fa fa-coffee"/> </span> <span title="站点阅读时长">21 分钟</span> </span>
        </div>
        <div class="powered-by">由 <a href="https://www.tarikvon.cn:8001/">Hexo</a> &amp; <a href="https://theme-next.js.org/pisces/" rel="noopener" target="_blank">NexT.Pisces</a> 强力驱动</div>
        <script color="126,0,255" count="99" opacity="0.5" src="/lib/theme-next-canvas-nest/canvas-nest.js" zindex="-1"/>
      </div>
    </footer>
    <div aria-label="返回顶部" class="back-to-top" role="button">
      <i class="fa fa-arrow-up fa-lg"/>
      <span>0%</span>
    </div>
    <div class="reading-progress-bar"/>
    <noscript>
      <div class="noscript-warning">Theme NexT works best with JavaScript enabled</div>
    </noscript>
    <script alpha="0.6" size="300" src="https://cdnjs.cloudflare.com/ajax/libs/ribbon.js/1.0.2/ribbon.min.js" zindex="-1"/>
    <script crossorigin="anonymous" integrity="sha256-XL2inqUJaslATFnHdJOi9GfQ60on8Wx1C2H8DYiN1xY=" src="https://cdnjs.cloudflare.com/ajax/libs/animejs/3.2.1/anime.min.js"/>
    <script crossorigin="anonymous" integrity="sha256-vxLn1tSKWD4dqbMRyv940UYw4sXgMtYcK6reefzZrao=" src="https://cdnjs.cloudflare.com/ajax/libs/next-theme-pjax/0.6.0/pjax.min.js"/>
    <script src="/js/comments.js"/>
    <script src="/js/utils.js"/>
    <script src="/js/motion.js"/>
    <script src="/js/next-boot.js"/>
    <script src="/js/pjax.js"/>
    <script src="/live2dw/lib/L2Dwidget.min.js"/>
    <script>L2Dwidget.init({"pluginRootPath":"live2dw/","pluginJsPath":"lib/","pluginModelPath":"assets/","tagMode":false,"debug":false,"model":{"jsonPath":"/live2dw/assets/Kobayaxi.model.json"},"display":{"position":"right","width":200,"vOffset":-150},"mobile":{"show":false},"react":{"opacity":1},"log":false});</script>
  </body>
</html>
